rayon,produit,marque_deduite,code_barre,prix_cession,prix_public,stk_rayon,stk_magasin,stk_global,date_exp,deja_present_en_base,anomalie
HB - BBC,ELUDRILPRO BAIN BOUCHE FL500ML,Eludril,000032536,3767.00,5299.00,2.00,0.00,2.00,31/12/00,Non,
HB - BBC,ELUDRIL PRO BAIN BCHE 200ML,Eludril,000022162,1861.00,2617.00,6.00,0.00,6.00,31/12/00,Non,
HB - BBC,DOLOSEPTYL(S) BDB UNID. 10ML B/10,Doloseptyl,000026930,2239.00,4063.00,1.00,0.00,1.00,31/12/00,Non,
HB - BBC,VERAX BLU BAIN BOUCHE FL120ML,Verax,000030819,993.00,1397.00,1.00,0.00,1.00,31/12/00,Non,
HB - BBC,PARODONTAX BAIN DE BOUCHE 500ML,Parodontax,000020834,3991.00,6956.00,1.00,0.00,1.00,31/12/00,Non,
HB - BBC,BETADINE SOL GARG BAIN BCHE F125ML,Betadine,000022729,957.00,1346.00,2.00,0.00,2.00,31/12/00,Non,
HB - BBC,BUCCOTHYMOL BAIN BCHE FL150ML,Buccothymol,000021053,794.00,1117.00,2.00,0.00,2.00,31/12/00,Non,
HB - BBC,ADNA (S) BDB ACTIF ORAN&MENT/250ML,Adna,000020961,1291.00,2500.00,1.00,0.00,1.00,31/12/00,Non,
HB - BBC,ADNA (S) BDB ANTI-PLAQ MENTHE/250ML,Adna,000025606,1809.00,3300.00,1.00,0.00,1.00,31/12/00,Non,
HB - BBC,"SEPTYL 0,1% BAIN BCHE FL200ML",Septyl,000022328,1214.00,1707.00,2.00,0.00,2.00,31/12/00,Non,
HB - BBC,"SEPTYL 0,1% BAIN BCHE FL80ML",Septyl,000030046,479.00,674.00,1.00,0.00,1.00,31/12/00,Non,
HB - BBC,GUMFORTE BDB MENTHE/200ML,Gum,000021013,1571.00,2900.00,1.00,0.00,1.00,31/12/00,Non,
HB - PATES,ELGYD (D) JR 7-12ANS BUBBLE DTF 50ML,Elgyd,000023792,2396.00,4348.00,1.00,0.00,1.00,31/12/00,Non,
HB - PATES,ELGYD (D) KIDS 3-6ANS FRAISE GIV 50ML,Elgyd,000022480,2216.00,4025.00,1.00,0.00,1.00,31/12/00,Non,
HB - PATES,SIGNAL KIDS 0-6ANS 70ML,Signal,000030091,720.00,1429.00,1.00,0.00,1.00,31/12/00,Non,
HB - PATES,ELGYD (S) BLANCH DENTIF 75ML,Elgyd,000023793,3557.00,5675.00,1.00,0.00,1.00,31/12/00,Non,
HB - PATES,ELGYD (S) DTF ANTIPLAQ 100ML,Elgyd,000021712,2988.00,5219.00,1.00,0.00,1.00,31/12/00,Non,
HB - PATES,ELGYD (S) DTF ANTIPLAQ 75ML,Elgyd,000023398,2753.00,5000.00,1.00,0.00,1.00,31/12/00,Non,
HB - PATES,ELGYD (S) DTF DENTS SENS 75ML,Elgyd,000023794,2973.00,5395.00,1.00,0.00,1.00,31/12/00,Non,
HB - PATES,ELGYD (S) DTF GENC IRRI 75ML,Elgyd,000023795,3967.00,7199.00,1.00,0.00,1.00,31/12/00,Non,
HB - PATES,SIGNAL SOIN FRAICH & BLANCH DENTIF 75ML,Signal,000030098,847.00,1650.00,3.00,0.00,3.00,31/12/00,Non,
HB - PATES,ELGYD (S) DTF PROTEC CARIES 75ML,Elgyd,000022666,2918.00,5295.00,1.00,0.00,1.00,31/12/00,Non,
HB - PATES,ELGYD DTF MULTI ACTIONS/75ML,Elgyd,000023705,3921.00,7125.00,1.00,0.00,1.00,31/12/00,Non,
HB - PATES,PARODONTAX (S) DTF FRAICH INT 75ML,Parodontax,000022746,3869.00,7021.00,1.00,0.00,1.00,31/12/00,Non,
HB - PATES,PARODONTAX (S) PATE GING ORIGINAL 75ML,Parodontax,000021666,3196.00,5799.00,1.00,0.00,1.00,31/12/00,Non,
HB - PATES,PAROGENCYL (S) PR•VENT DTF 75ML,Parogencyl,000022573,2707.00,4912.00,1.00,0.00,1.00,31/12/00,Non,
HB - PATES,SIGNAL HALEINE FRAICHE DENTIF FL/ 75ML,Signal,000031894,847.00,1650.00,6.00,0.00,6.00,31/12/00,Non,
HB - PATES,COLGATE MAXI FRESH BLUE 100ML,Colgate,000026641,932.00,1800.00,6.00,0.00,6.00,31/12/00,Non,
HB - PATES,COLGATE CHARCOAL GENTLE CLEAN 120G,Colgate,000024347,1102.00,2100.00,2.00,0.00,2.00,31/12/00,Non,
HB - PATES,COLGATE TOTAL CHARCOAL 75ML,Colgate,000026643,1356.00,2600.00,6.00,0.00,6.00,31/12/00,Non,
HB - PATES,FLUOCARIL BI 145 BLANCHEUR 2*75ML,Fluocaril,000021650,4017.00,7300.00,1.00,0.00,1.00,31/12/00,Non,
HB - PATES,FLUOCARIL (S) BI 145 BLANCH 075ML,Fluocaril,000023024,2236.00,4050.00,1.00,0.00,1.00,31/12/00,Non,
HB - PATES,FLUOCARIL (S) JR 6-13ANS F-R 75ML,Fluocaril,000023799,2269.00,4117.00,1.00,0.00,1.00,31/12/00,Non,
HB - PATES,FLUOCARIL (S-L) BI 145 MENTHE 075ML,Fluocaril,000027488,2226.00,4050.00,1.00,0.00,1.00,31/12/00,Non,
HB - PATES,ABAAN DTF ALOE VERA/120ML,Abaan,000025544,763.00,1500.00,8.00,0.00,8.00,31/12/00,Non,
HB - PATES,XTAR PATE DENTIF PRO TB 100G,Xtar,000032716,1052.00,2000.00,1.00,0.00,1.00,31/12/00,Non,
HB - PATES,COLGATE MAXI FRESH VERT,Colgate,000031569,932.00,1800.00,6.00,0.00,6.00,31/12/00,Non,
HB - PATES,COLGATE MAXI FRESH ROUGE,Colgate,000023464,932.00,1800.00,2.00,0.00,2.00,31/12/00,Non,
HB - PATES,GUMFORTE DENTIF CHARBON T/100G,Gum,000032739,2547.00,4650.00,1.00,0.00,1.00,31/12/00,Non,
HB - PATES,SIGNAL EXTRA FRAICHEUR 75ML,Signal,000023458,847.00,1650.00,4.00,0.00,4.00,31/12/00,Non,
HB - PATES,COLGATE CLEAN MINT TOTAL,Colgate,000024348,1356.00,2600.00,5.00,0.00,5.00,31/12/00,Non,
HB - PATES,SENSODYNE REPAR ET PROTEG QUOT 75ML,Sensodyne,000022959,2035.00,3692.00,2.00,0.00,2.00,31/12/00,Non,
HB - PATES,SENSODYNE RAPIDE ACTION DENTIF T/75ML,Sensodyne,000023807,2560.00,4645.00,3.00,0.00,3.00,31/12/00,Non,
HB - PATES,GUM DENTIFRCE ACTIVAL 75L,Gum,000031946,1797.00,3260.00,1.00,0.00,1.00,31/12/00,Non,
HB - PATES,FLUOCARIL JUNIOR BUBBLE GEL 6-12 ANS 75ML,Fluocaril,000023806,1932.00,3506.00,1.00,0.00,1.00,31/12/00,Non,
HB - PATES,COREGA POLIDT CRM ADHE MAXI 40G,Corega,000022882,4807.00,8750.00,2.00,0.00,2.00,31/12/00,Non,
HB - PATES,SENSOD (S) MULTI PROTEC 75ML,Sensodyne,000020785,2721.00,3125.00,1.00,0.00,1.00,31/12/00,Non,
HB - PATES,SENSOD (S) REP&PRO BLANCHR 75ML,Sensodyne,000024192,2035.00,3692.00,1.00,0.00,1.00,31/12/00,Non,
HB - PATES,SENSODYNE (S) SOIN BLANCH 24H 75ML,Sensodyne,000021564,1990.00,3610.00,3.00,0.00,3.00,31/12/00,Non,
HB - PATES,COLGATE HERBAL T/140G,Colgate,000024349,932.00,1800.00,6.00,0.00,6.00,31/12/00,Non,
HB - PATES,SENSODYNE SOIN COMPLET 24H75ML,Sensodyne,000022149,1894.00,3450.00,5.00,0.00,5.00,31/12/00,Non,
HB - PATES,GUM DTF JR TUTTI FRUTTI/50ML,Gum,000022567,1544.00,2802.00,1.00,0.00,1.00,31/12/00,Non,
HB - PATES,GUMFORTE (D) DTF GEL T/100G,Gum,000021313,1360.00,2350.00,1.00,0.00,1.00,31/12/00,Non,
HB - PATES,DENTYGEL CHARBON ACTIF 100G,Dentygel,000032966,650.00,1100.00,7.00,0.00,7.00,31/12/00,Non,
HB - PATES,DENTYGEL KIDS 3-6 ANS 70G,Dentygel,000032967,700.00,1200.00,8.00,0.00,8.00,31/12/00,Non,
HB - PATES,SIGNAL ANTI TARTRE SELS MIN DENTIF 75ML,Signal,000024358,847.00,1650.00,6.00,0.00,6.00,31/12/00,Non,
HB - PATES,SIGNAL DENT TRIPLE PROTECTION 140G,Signal,000023457,847.00,1650.00,3.00,0.00,3.00,31/12/00,Non,
HB - PATES,SIGNAL DENT. INTEGRAL8 COCO 75ML,Signal,000021336,847.00,1650.00,3.00,0.00,3.00,31/12/00,Non,
HB - PATES,SIGNAL INTEGRAL8 ACTION INTERDENTAIRE 75ML,Signal,000030081,847.00,1650.00,6.00,0.00,6.00,31/12/00,Non,
HB - PATES,SIGNAL INTEGRAL8 BICARBONATE 75ML,Signal,000030082,847.00,1650.00,4.00,0.00,4.00,31/12/00,Non,
HB - PATES,SIGNAL INTEGRAL8 CHARBON/75ML,Signal,000024359,847.00,1650.00,4.00,0.00,4.00,31/12/00,Non,
HB - PATES,SIGNAL INTEGRAL8 COMPLET DENTIF 75ML,Signal,000030083,847.00,1650.00,3.00,0.00,3.00,31/12/00,Non,
HB - PATES,SIGNAL INTEGRAL8 NETTOYAGE INTENSE/75ML,Signal,000030084,847.00,1650.00,4.00,0.00,4.00,31/12/00,Non,
HB - PATES,SIGNAL INTEGRAL8 SEL ROSE-CAMOMILLE/75ML,Signal,000030085,847.00,1650.00,10.00,0.00,10.00,31/12/00,Non,
HB - PATES,SIGNAL JUNIOR 6-13ANS 75ML,Signal,000030087,1017.00,1950.00,4.00,0.00,4.00,31/12/00,Non,
HC-ABC,BIO BALANCE SS VIT C PURE ACID ASCORBIQ 30ML,Bio (à confirmer),000032412,6100.00,10800.00,1.00,0.00,1.00,31/12/00,Non,
HC-ABC,CERAVE SOIN CONCENTRE ANTI IMPERF 40ML,CeraVe,000023737,8272.00,14650.00,1.00,0.00,1.00,31/12/00,Non,
HC-ABC,BALMY POUF BAIN MEDIUM,Balmy,000032517,787.00,1450.00,1.00,0.00,1.00,31/12/00,Non,
HC-ABC,BABYMED EAU DE COLOGNE 500ML,Babymed,000025945,1229.00,2350.00,1.00,0.00,1.00,31/12/00,Non,
HC-ABC,BABYMED GEL LAVANT DOUCEUR 800ML,Babymed,000025946,1525.00,2900.00,3.00,0.00,3.00,31/12/00,Non,
HC-ABC,BABYMED LAIT DE TOILETTE 800ML,Babymed,000025949,1356.00,2600.00,3.00,0.00,3.00,31/12/00,Non,
HC-ABC,BABYMED LINGETTES/72,Babymed,000024346,932.00,1800.00,2.00,0.00,2.00,31/12/00,Non,
HC-ABC,BIOLANE LAIT CORP ED LIM 750ML,Biolane,000032546,7057.00,12800.00,1.00,0.00,1.00,31/12/00,Non,
HC-ABC,BYPHASSE Q10 CONTOUR DES YEUX 20ML,Byphasse,000031910,3390.00,6201.00,3.00,0.00,3.00,31/12/00,Non,
HC-ABC,CERAVE LAIT HYDRA F/473ML,CeraVe,000021412,8053.00,14245.00,1.00,0.00,1.00,31/12/00,Non,
HC-ABC,CERAVE GEL MOUSSANT F/236ML,CeraVe,000022809,5576.00,10119.00,1.00,0.00,1.00,31/12/00,Non,
HC-ABC,LAIT BODY FASHION ANTI-VERGETURES 500ML,(ambigu — voir nom),000030287,2627.00,5000.00,2.00,0.00,2.00,31/12/00,Non,
HC-ABC,AFRO ET NATURE BONNET NUIT INTERIEUR,Afro et Nature,000033100,3150.00,4850.00,1.00,0.00,1.00,31/12/00,Non,
HC-ABC,PACK CHATEAU ROUGE SAVON + SOIN CONCENTREE -25%,(ambigu — voir nom),000032656,12960.00,17650.00,1.00,0.00,1.00,31/12/00,Non,
HC-ABC,AMT SAVON BAOBAB 148G,AMT,000033101,1800.00,3200.00,1.00,0.00,1.00,31/12/00,Non,
HC-ABC,AMT SAVON BISSAP 148G,AMT,000033102,1800.00,3200.00,1.00,0.00,1.00,31/12/00,Non,
HC-ABC,BALMY POUF BAIN AU SAVON BLANC,Balmy,000032406,1723.00,3126.00,1.00,0.00,1.00,31/12/00,Non,
HC-ABC,AMT SAVON COKTAIL 148G,AMT,000033103,1800.00,3200.00,1.00,0.00,1.00,31/12/00,Non,
HC-ABC,GEL DE DOUCHE BODY FASHION 850ML,(ambigu — voir nom),000030294,1864.00,3500.00,3.00,0.00,3.00,31/12/00,Non,
HC-ABC,BIOLANE LAIT CORPS HYDRA 350ML,Biolane,000032595,4597.00,8150.00,1.00,0.00,1.00,31/12/00,Non,
HC-ABC,BIO BALANCE SERUM ACID SALICYLIC 30ML,Bio (à confirmer),000032666,5399.00,9600.00,2.00,0.00,2.00,31/12/00,Non,
HC-ABC,AMT SAVON MORINGA 148G,AMT,000033105,1800.00,3200.00,1.00,0.00,1.00,31/12/00,Non,
HC-ABC,BIO BALANCE SERUM LUMISKIN 30ML,Bio (à confirmer),000032667,6460.00,11434.00,1.00,0.00,1.00,31/12/00,Non,
HC-ABC,BUM BUM GEL VOLU FESSIER 200ML,Bum Bum,000032676,10678.00,18900.00,2.00,0.00,2.00,31/12/00,Non,
HC-ABC,BRUMES EXOTIQUES CARAIBES 250ML,Brumes Exotiques,000026340,4237.00,7500.00,1.00,0.00,1.00,31/12/00,Non,
HC-ABC,BIO OIL HLE DE SOIN F/60ML,Bio (à confirmer),000023814,4417.00,8016.00,1.00,0.00,1.00,31/12/00,Non,
HC-ABC,BRUMES EXOTIQUES HAWAI 250ML,Brumes Exotiques,000026341,5000.00,7500.00,3.00,0.00,3.00,31/12/00,Non,
HC-ABC,CERAVE GEL MOUSSANT ANTI IMPER F236ML,CeraVe,000023735,5820.00,10560.00,2.00,0.00,2.00,31/12/00,Non,
HC-ABC,CERAVE CREME SA ANTI ROUGOSITEF L177ML,CeraVe,000023734,5520.00,10019.00,1.00,0.00,1.00,31/12/00,Non,
HC-ABC,AVENE CLEAN HYDRA/ CLEAN AC 40ML 536874,Avène,000031933,6723.00,12201.00,1.00,0.00,1.00,31/12/00,Non,
HC-ABC,AVENE ULTRA-FLUID 50+50ML,Avène,000024135,9047.00,16000.00,1.00,0.00,1.00,31/12/00,Non,
HC-ABC,CERAVE CREM REPARATRIC YEUX FL 15ML,CeraVe,000023733,6510.00,11575.00,1.00,0.00,1.00,31/12/00,Non,
HC-ABC,BIO OIL HLE DE SOIN F/125ML,Bio (à confirmer),000023811,6709.00,12175.00,1.00,0.00,1.00,31/12/00,Non,
HC-ABC,BYPHASSE LAIT ECL BLE FL/500ML,Byphasse,000023475,2882.00,5500.00,4.00,0.00,4.00,31/12/00,Non,
HC-ABC,BIO OIL HLE DE SOIN F/25ML,Bio (à confirmer),000023813,1940.00,3450.00,1.00,0.00,1.00,31/12/00,Non,
HC-ABC,BYPHASSE LAIT ECL AVOINE FL500ML,Byphasse,000023476,2882.00,5500.00,4.00,0.00,4.00,31/12/00,Non,
HC-ABC,ATODERM GEL DOUCHE 1L (BIODERMA),Bioderma,000023619,10435.00,18938.00,1.00,0.00,1.00,31/12/00,Non,
HC-ABC,ATODERM HLE DE DOUCHE 1L (BIODERMA),Bioderma,000022702,11500.00,20870.00,1.00,0.00,1.00,31/12/00,Non,
HC-ABC,BLONDEPIL CREM DEPILATOIRE TB200ML,Blondepil,000023777,3907.00,7090.00,1.00,0.00,1.00,31/12/00,Non,
HC-ABC,CLAIRISSIME GOLD SERUM ECLAIR F/50ML,Clairissime,000033209,2281.00,4150.00,1.00,0.00,1.00,31/12/00,Non,
HC-ABC,BIOBAL SER COLLAGEN VIT C 30ML,Biolane,000032800,6718.00,11890.00,1.00,0.00,1.00,31/12/00,Non,
HC-ABC,BIOLANE EAU TOILETT FRAICHEUR 200ML,Biolane,000032801,2369.00,4300.00,1.00,0.00,1.00,31/12/00,Non,
HC-ABC,CERAVE CREM HYDRATANT JOUR SPF 30 52ML,CeraVe,000023731,7425.00,13475.00,1.00,0.00,1.00,31/12/00,Non,
HC-ABC,BIOLANE SPRAY AMANDE EXPORT 75ML,Biolane,000032802,2500.00,4550.00,2.00,0.00,2.00,31/12/00,Non,
HC-ABC,CANDES LAIT CLARIFIANT SUBLIME AHA F/400ML,Candes,000026384,9855.00,17450.00,1.00,0.00,1.00,31/12/00,Non,
HC-ABC,BIO BALANCE CR SUP HD ADV NIGH CERAMID NP0.2%-50ML,Bio (à confirmer),000032829,7560.00,13400.00,1.00,0.00,1.00,31/12/00,Non,
HC-ABC,BIO BALANCE CR SUP PLUMP HYDRA UR 50ML,Bio (à confirmer),000032830,7650.00,13540.00,1.00,0.00,1.00,31/12/00,Non,
HC-ABC,BIOLANE (S) EDT FRAICHEUR 200ML,Biolane,000026187,2302.00,4175.00,1.00,0.00,1.00,31/12/00,Non,
HC-ABC,BIOLANE (S) GEL CHV&CORPS 350ML,Biolane,000026188,2972.00,5400.00,2.00,0.00,2.00,31/12/00,Non,
HC-ABC,BIOLANE (S) GEL CHV&CORPS 750ML,Biolane,000026189,5748.00,10450.00,1.00,0.00,1.00,31/12/00,Non,
HC-ABC,BIOLANE (S) LINGETTES EPAIS H2O/72,Biolane,000026190,2005.00,3650.00,1.00,0.00,1.00,31/12/00,Non,
HC-ABC,BIOLANE (S) SAVON DOUX SURG 150G,Biolane,000026191,2522.00,4600.00,1.00,0.00,1.00,31/12/00,Non,
HC-ABC,CHATEAU ROUGE HUILE DIVINE UNIF HY,Château Rouge,000031258,6958.00,12600.00,1.00,0.00,1.00,31/12/00,Non,
HC-ABC,CHATEAU ROUGE CR CONCENTRE UNI VISAGE T/50ML,Château Rouge,000031259,7706.00,14000.00,1.00,0.00,1.00,31/12/00,Non,
HC-ABC,AVENE (L) CLEAN GEL NET400ML,Avène,000022753,8116.00,14327.00,1.00,0.00,1.00,31/12/00,Non,
HC-ABC,BIOLANE CRM CHANGE T/100ML,Biolane,000026199,2784.00,5050.00,2.00,0.00,2.00,31/12/00,Non,
HC-ABC,CHATEAU ROUGE CR PREST JOUR UNI T50ML,Château Rouge,000031260,8597.00,10150.00,2.00,0.00,2.00,31/12/00,Non,
HC-ABC,AVE (S) CICALFATE+ CRM REP/PRO 40ML,Avène,000025854,4567.00,8376.00,1.00,0.00,1.00,31/12/00,Non,
HC-ABC,AVENE CICALFATE CREME 100ML 220693,Avène,000032202,7010.00,12725.00,1.00,0.00,1.00,31/12/00,Non,
HC-ABC,AVENE CLEAN COMEDOMED 30ML 239499,Avène,000032203,7617.00,13823.00,1.00,0.00,1.00,31/12/00,Non,
HC-ABC,CLAIRISSIME LAIT ECLAIR 500ML SK,Clairissime,000022033,4400.00,7788.00,3.00,0.00,3.00,31/12/00,Non,
HC-ABC,CLAIRISSIM CRM ECLAIR UBIQ 50ML,Clairissime,000026574,2280.00,4150.00,1.00,0.00,1.00,31/12/00,Non,
HC-ABC,CLAIRISSIME LAIT ECLAIR UBIQ 500ML,Clairissime,000022623,4399.00,7800.00,1.00,0.00,1.00,31/12/00,Non,
HC-ABC,AIDA(S) CRM REGUL ANTITACHE T/40ML,Aida,000021362,2879.00,5225.00,1.00,0.00,1.00,31/12/00,Non,
HC-ABC,CLAIRISSIM LAIT HYD ALOEVERA 500ML,Clairissime,000026578,4570.00,8088.00,1.00,0.00,1.00,31/12/00,Non,
HC-ABC,CLAIRISSIM LAIT HYD CACAO 500ML,Clairissime,000026580,4190.00,7416.00,1.00,0.00,1.00,31/12/00,Non,
HC-ABC,CLAIRISSIME LAIT HYD COCONUT 500ML,Clairissime,000023655,4610.00,8159.00,1.00,0.00,1.00,31/12/00,Non,
HC-ABC,CLAIRISSIM LAIT HYD VIT E 500ML,Clairissime,000026583,4559.00,8069.00,1.00,0.00,1.00,31/12/00,Non,
HC-ABC,AVENE XERACALM NUTRIT GEL NETT F/500ML,Avène,000032297,8660.00,15328.00,1.00,0.00,1.00,31/12/00,Non,
HC-ABC,BALMY POUF BAIN AVEC MANCHE,Balmy,000032457,1937.00,3515.00,1.00,0.00,1.00,31/12/00,Non,
HC-ABC,BYPHASSE GEL DOUCHE DERMO MICELLAIRE ARGAN 1L,Byphasse,000031480,2967.00,5500.00,4.00,0.00,4.00,31/12/00,Non,
HC-ABC,BIO BALANCE FLU SOLAIRE ANTI-TACHES SPF 50+40ML,Bio (à confirmer),000032953,6960.00,12631.00,1.00,0.00,1.00,31/12/00,Non,
HC-ABC,BIO BALANCE FLUSOLAIRE HYDRAS PF 50+40ML,Bio (à confirmer),000032954,6960.00,12631.00,1.00,0.00,1.00,31/12/00,Non,
HC-ABC,BIO BALANCE HC CICA VISAGE LAIT 250ML,Bio (à confirmer),000032955,5520.00,10017.00,1.00,0.00,1.00,31/12/00,Non,
HC-ABC,CERAVE CREME HYDRATANT NUIT PM 52ML,CeraVe,000023770,6769.00,12285.00,2.00,0.00,2.00,31/12/00,Non,
HC-ABC,CORINE DE FARM PACK BB BASIC,Corine (à confirmer),000032972,13288.00,24250.00,4.00,0.00,4.00,31/12/00,Non,
HC-ABC,CERAVE BAUME HYDRA 454G,CeraVe,900022904,8214.00,14900.00,1.00,0.00,1.00,31/12/00,Non,
HC-ABC,BIO BALANCE CR SUP GLOW 3-0 ETHYLASC 5%+ACIDF1%,Bio (à confirmer),000032443,7740.00,13700.00,1.00,0.00,1.00,31/12/00,Non,
HC-ABC,BIO BALANCE CR YEUX SUP HD AUCOLAGEN& VIT C20ML,Bio (à confirmer),000032442,7100.00,12600.00,1.00,0.00,1.00,31/12/00,Non,
HC-ABC,BIO BALANCE SS ACID HYALURONIQ MULTI MOLECUL 30ML,Bio (à confirmer),000032444,6100.00,10700.00,1.00,0.00,1.00,31/12/00,Non,
HC-DEF,DM HUILE CLOU DE GIROFLE 60ML,DM,000031173,2280.00,4137.00,1.00,0.00,1.00,31/12/00,Non,
HC-DEF,DM HUIL AVOCAT BIO FL 60ML,DM,000031710,2280.00,4137.00,1.00,0.00,1.00,31/12/00,Non,
HC-DEF,DERMOWHIT CREM NUIT CLARIFIANT HYD 50G,Dermowhite,000033059,5637.00,9977.00,1.00,0.00,1.00,31/12/00,Non,
HC-DEF,DUCRAY KERACNYL 50+FLUIDE CR T/50ML,Ducray,000032620,6500.00,11500.00,1.00,0.00,1.00,31/12/00,Non,
HC-DEF,DOVE LAIT INTENSE CARE FL/400ML,Dove,000031888,2203.00,3999.00,2.00,0.00,2.00,31/12/00,Non,
HC-DEF,EUCERIN CREME SOLAIRE OIL/ACNE CONTROL 50ML,Eucerin,000033096,6000.00,12500.00,4.00,0.00,4.00,31/12/00,Non,
HC-DEF,EVA CREME PIEDS,Eva,000026804,1356.00,2600.00,1.00,0.00,1.00,31/12/00,Non,
HC-DEF,DOVE LAITINTENSE CARE /250ML,Dove,000026970,1356.00,2500.00,2.00,0.00,2.00,31/12/00,Non,
HC-DEF,DOVE LAIT ESSENTIEL CARE/250ML,Dove,000026975,1356.00,2500.00,1.00,0.00,1.00,31/12/00,Non,
HC-DEF,DEPIWHITE (S) ACM CONTOUR YEUX 15ML,Depiwhite,000021993,7457.00,13200.00,1.00,0.00,1.00,31/12/00,Non,
HC-DEF,DOVE SAVON BEAUTY CRM BAR 90G,Dove,000026977,593.00,1100.00,5.00,0.00,5.00,31/12/00,Non,
HC-DEF,EASY ROSE CREME DEPILATOIRE T/120ML,Easy Rose,000031914,1102.00,2100.00,1.00,0.00,1.00,31/12/00,Non,
HC-DEF,DEPIWHITE (S-U) LAIT CORPS •CLAI 500ML,Depiwhite,000026819,10697.00,19415.00,1.00,0.00,1.00,31/12/00,Non,
HC-DEF,DOVE SAVON REFRESHING 90G,Dove,000026978,593.00,1100.00,3.00,0.00,3.00,31/12/00,Non,
HC-DEF,DOVE SAVON PAMPERING 90G,Dove,000026980,593.00,1100.00,1.00,0.00,1.00,31/12/00,Non,
HC-DEF,DEXERYL CRM TUBE 250G,Dexeryl,000020829,2437.00,3428.00,11.00,0.00,11.00,31/12/00,Non,
HC-DEF,DUCRAY (S) KERACNYL GEL/400ML,Ducray,000023127,8378.00,14850.00,1.00,0.00,1.00,31/12/00,Non,
HC-DEF,DUCRAY (S-D) KERACNYL PP CRM/30ML,Ducray,000023992,6400.00,11600.00,1.00,0.00,1.00,31/12/00,Non,
HC-DEF,DUCRAY ANAPHASE APRES SHAMP 200ML,Ducray,000023750,5328.00,10580.00,3.00,0.00,3.00,31/12/00,Non,
HC-DEF,DM HUIL RICIN,DM,000032087,1800.00,3266.00,1.00,0.00,1.00,31/12/00,Non,
HC-DEF,DM (D) HUILE D ARGAN 60ML,DM,000026904,2280.00,4137.00,1.00,0.00,1.00,31/12/00,Non,
HC-DEF,DM (D) HUILE DE COCO 60ML,DM,000023574,2100.00,3811.00,1.00,0.00,1.00,31/12/00,Non,
HC-DEF,DOVE SAVON COCONUT 90G,Dove,000031500,593.00,1100.00,2.00,0.00,2.00,31/12/00,Non,
HC-DEF,DAM NATUR HUIL POUSS CHEVEUX 125MML,Dam Natur,000023862,4920.00,8700.00,1.00,0.00,1.00,31/12/00,Non,
HC-DEF,DAM NATUR HUIL POUSS RAPID BAR B30ML,Dam Natur,000023863,2700.00,4900.00,1.00,0.00,1.00,31/12/00,Non,
HC-DEF,FAIR WHITE CREME GOLD,Fair White,000031508,2500.00,3845.00,1.00,0.00,1.00,31/12/00,Non,
HC-DIVERS,BABYMED LAIT DE TOILETTE 200ML,Babymed,000025948,636.00,1250.00,3.00,0.00,3.00,31/12/00,Non,
HC-DIVERS,FLEUR DE BAIN GM,(ambigu — voir nom),000027782,593.00,1250.00,2.00,0.00,2.00,31/12/00,Non,
HC-DIVERS,MINOXIDIL CPF 5% COFF 3X60ML,Minoxidil,000028695,13047.00,18353.00,1.00,0.00,1.00,31/12/00,Non,
HC-DIVERS,CERAVE LAIT HYDRATANT FL236ML,CeraVe,000031558,4999.00,10525.00,1.00,0.00,1.00,31/12/00,Non,
HC-DIVERS,LAINO SAVON MARSEIL 150G,Laino,000028160,2126.00,3858.00,1.00,0.00,1.00,31/12/00,Non,
HC-DIVERS,NEUTROGENA FORM NORV LAIT APAIS ET REPAR 250ML,Neutrogena,000023937,5133.00,9100.00,1.00,0.00,1.00,31/12/00,Non,
HC-DIVERS,COFFRET BIOLANE,Biolane,000031415,17563.00,31875.00,1.00,0.00,1.00,31/12/00,Non,
HC-DIVERS,SVR SEBIACLEAR ACTIV+RENO GEL CREM 40L,SVR,000023741,5765.00,10462.00,1.00,0.00,1.00,31/12/00,Non,
HC-DIVERS,COTON TIGE BB B/56,"(accessoire, sans marque)",000023502,762.00,1500.00,9.00,0.00,9.00,31/12/00,Non,
HC-DIVERS,CICAPLAST (S) LEVRES 7.5ML,La Roche-Posay,000026543,3801.00,6898.00,2.00,0.00,2.00,31/12/00,Non,
HC-DIVERS,LRP EFFACLAR K+ S RENO 40ML,La Roche-Posay,000028411,7987.00,14495.00,1.00,0.00,1.00,31/12/00,Non,
HC-DIVERS,COTON DISQUES A DEMAQ CLEAQ S/100D,"(accessoire, sans marque)",000026717,750.00,1300.00,9.00,0.00,9.00,31/12/00,Non,
HC-DIVERS,COTON TIGE AD,"(accessoire, sans marque)",000023501,762.00,1500.00,5.00,0.00,5.00,31/12/00,Non,
HC-DIVERS,LAINO STICK LEVRE CIRE D'ABEILLE 4G,Laino,000031448,1589.00,3548.00,3.00,0.00,3.00,31/12/00,Non,
HC-DIVERS,WILLIAMS MOUSSE A RASER SENSIBLE 200ML,Williams,000030944,2458.00,4600.00,3.00,0.00,3.00,31/12/00,Non,
HC-DIVERS,DM CR RAFFERMMIS ET GROSSIS FEN,DM,000023868,5400.00,9800.00,1.00,0.00,1.00,31/12/00,Non,
HC-EVOL,EVOLUDERM CRM MAIN NOURISST BEURRE DE CACAO T/150,Evoluderm,000027176,1568.00,2950.00,1.00,0.00,1.00,31/12/00,Non,
HC-EVOL,EVOLUDERM GOMMAGE EXF PECHE 150ML,Evoluderm,000027189,1568.00,2950.00,2.00,0.00,2.00,31/12/00,Non,
HC-EVOL,EVOLUDERM LAIT ACTION TACHE 500ML,Evoluderm,000027194,2373.00,4500.00,2.00,0.00,2.00,31/12/00,Non,
HC-EVOL,EVOLUDERM LAIT EXTRA FORT 500ML,Evoluderm,000027195,2373.00,4500.00,3.00,0.00,3.00,31/12/00,Non,
HC-EVOL,EVOLUDERM LAIT HYDRAT MONOI 500ML,Evoluderm,000023467,1780.00,3500.00,1.00,0.00,1.00,31/12/00,Non,
HC-EVOL,EVOLUDERM LAIT OVER BOOST 500ML,Evoluderm,000027198,2373.00,4500.00,2.00,0.00,2.00,31/12/00,Non,
HC-EVOL,EVOLUDERM LAIT TRES FORT 500ML,Evoluderm,000027200,2373.00,4500.00,2.00,0.00,2.00,31/12/00,Non,
HC-EVOL,EVOLUDERM MASQUE DOUX CONCOMBRE 150ML,Evoluderm,000027202,1568.00,2950.00,1.00,0.00,1.00,31/12/00,Non,
HC-EVOL,EVOLUDERM MASQUE PURIF ARGILE 150ML,Evoluderm,000027205,1568.00,2950.00,1.00,0.00,1.00,31/12/00,Non,
HC-EVOL,EVOLUDERM GEL DOUCHE AMANDE 500ML,Evoluderm,000032968,1780.00,3350.00,2.00,0.00,2.00,31/12/00,Non,
HC-EVOL,EVOLUDERM GEL DOUCHE ARGAN 500ML,Evoluderm,000032969,1780.00,3350.00,3.00,0.00,3.00,31/12/00,Non,
HC-EVOL,EVOLUDERM GEL DOUCHE HUILE PRECIEUSE 500ML,Evoluderm,000032970,1780.00,3350.00,2.00,0.00,2.00,31/12/00,Non,
HC-EVOL,EVOLUDERM GEL DOUCHE FLEUR D'ORANGER 500ML,Evoluderm,000032971,1780.00,3350.00,2.00,0.00,2.00,31/12/00,Non,
HC- FR BE,FRANCOISE BEDON SAVON PUISSANCE,Françoise Bedon,000031538,3750.00,5800.00,4.00,0.00,4.00,31/12/00,Non,
HC- FR BE,FRANCOISE BEDON SAVON ROYAL,Françoise Bedon,000031539,6000.00,9500.00,2.00,0.00,2.00,31/12/00,Non,
HC- FR BE,FRANCOISE BEDON CRM PUISSANCE,Françoise Bedon,000031541,6500.00,10000.00,1.00,0.00,1.00,31/12/00,Non,
HC- FR BE,FRANCOISE BEDON CRM SUPREME,Françoise Bedon,000031542,7000.00,8000.00,1.00,0.00,1.00,31/12/00,Non,
HC- FR BE,FRANCOISE BEDON SERUM SUPREME,Françoise Bedon,000031543,7000.00,10766.00,2.00,0.00,2.00,31/12/00,Non,
HC- FR BE,FRANCOISE BEDON SERUM ULTIME CAROTTE LUXE,Françoise Bedon,000031545,7000.00,10766.00,1.00,0.00,1.00,31/12/00,Non,
HC- FR BE,FRANCOISE BEDON CRM ULTIME GOLD OR LUXE,Françoise Bedon,000031546,7000.00,10766.00,1.00,0.00,1.00,31/12/00,Non,
HC- FR BE,FRANCOISE BEDON LAIT ECL CAROTTE 500ML,Françoise Bedon,000031562,5500.00,10000.00,2.00,0.00,2.00,31/12/00,Non,
HC- FR BE,FRANCOISE BEDON LAIT ECL PUISSANCE,Françoise Bedon,000031666,5500.00,10000.00,5.00,0.00,5.00,31/12/00,Non,
HC- FR BE,FRANCOISE BEDON LAIT ECLA ROYAL,Françoise Bedon,000031667,9750.00,15000.00,3.00,0.00,3.00,31/12/00,Non,
HC-GENS,GENSKIN LOTIONHYDRVISAGE/CORPS T/225ML,Genskin,000024141,3948.00,7000.00,4.00,0.00,4.00,31/12/00,Non,
HC-GENS,GENSKIN CRM ECLAT NOURIS 250G,Genskin,000022078,3959.00,7200.00,2.00,0.00,2.00,31/12/00,Non,
HC-GENS,GENSKIN CRM EMOLLIENTE 250G,Genskin,000020939,2410.00,4400.00,6.00,0.00,6.00,31/12/00,Non,
HC-GENS,GENSKIN SAVON EXF. ALOE&KARITE/150G,Genskin,000021617,2690.00,4600.00,3.00,0.00,3.00,31/12/00,Non,
HC-GENS,GENSKIN SOLAIRE SPF50+ CRM 50G,Genskin,000023950,6770.00,11985.00,1.00,0.00,1.00,31/12/00,Non,
HC-GENS,GENSKIN(L) SAVON PUR. CHARBON/150G,Genskin,000020962,2602.00,4725.00,5.00,0.00,5.00,31/12/00,Non,
HC-GENS,GENSKIN LOTION HYDR VISAGE/CORPS T/450ML,Genskin,000033099,6750.00,12000.00,1.00,0.00,1.00,31/12/00,Non,
HC-GENS,GENSKIN EXFOL CREME VISAGE CHARBON 100G,Genskin,000032737,4813.00,8750.00,1.00,0.00,1.00,31/12/00,Non,
HC-GENS,GENSKIN TACHE GEL T/25G,Genskin,000021895,1732.00,3150.00,2.00,0.00,2.00,31/12/00,Non,
HC-GENS,GENSIKIN NETTOY VISAG EXTRA DOUX 100G,Genskin,000023870,2840.00,5150.00,1.00,0.00,1.00,31/12/00,Non,
HC-GENS,GENSKIN TALC PDR FL 125G,Genskin,000023871,2366.00,4293.00,1.00,0.00,1.00,31/12/00,Non,
HC-GHI,IAP BRUM CHEV& CORPS 100ML OCEAN BLISFRASCO,IAP (parfums génériques),000033032,2361.00,4300.00,2.00,0.00,2.00,31/12/00,Non,
HC-GHI,IAP BRUME CHEV&CORPS 100ML GOLDEN SAMBA FRASCO,IAP (parfums génériques),000033033,2361.00,4300.00,4.00,0.00,4.00,31/12/00,Non,
HC-GHI,IAP BRUMECHEV&CORPS 100ML SAND GLOW FRASCO,IAP (parfums génériques),000033034,2361.00,4300.00,4.00,0.00,4.00,31/12/00,Non,
HC-GHI,IAP BRUME CHEV&CORPS 100MLSUNSET DREAMFRASCO,IAP (parfums génériques),000033035,2361.00,4300.00,2.00,0.00,2.00,31/12/00,Non,
HC-GHI,IAP BRUME CHEV& CORPS 100ML TROPIC VIBES FRASCO,IAP (parfums génériques),000033036,2361.00,4300.00,1.00,0.00,1.00,31/12/00,Non,
HC-GHI,IAP BRUME CHEV& CORPS 100ML VIBRANT BAHIA FRASCO,IAP (parfums génériques),000033037,2361.00,4300.00,3.00,0.00,3.00,31/12/00,Non,
HC-GHI,GILBERT HYFAC WOMAN EAU MICELL 200 ML,Gilbert,000032043,5905.00,10716.00,1.00,0.00,1.00,31/12/00,Non,
HC-GHI,GLOWMAX CR T/100G,Glowmax,000032614,2666.00,4100.00,1.00,0.00,1.00,31/12/00,Non,
HC-GHI,GLOWMAX SAV/75G,Glowmax,000032615,1696.00,3000.00,1.00,0.00,1.00,31/12/00,Non,
HC-GHI,HUILE BAOBAB BASSARI F50ML,(ambigu — voir nom),000021355,2700.00,4150.00,23.00,0.00,23.00,31/12/00,Non,
HC-GHI,GILBERT HYFAC CREM LEGERE 40L,Gilbert,000032041,7005.00,12712.00,1.00,0.00,1.00,31/12/00,Non,
HC-GHI,GILBERT HYFAC SOIN GLOBAL 40MML,Gilbert,000032042,5361.00,9729.00,1.00,0.00,1.00,31/12/00,Non,
HC-GHI,ICTYANE DUCRAY ECLAT LAIT /400ML,Ducray,000027932,12725.00,17320.00,1.00,0.00,1.00,31/12/00,Non,
HC-GHI,GILBERT PARASIDOSE PEIGNE FINDENTS LON GUES,Gilbert,000023873,1754.00,3183.00,1.00,0.00,1.00,31/12/00,Non,
HC-JKL,KL BB PACK LAIT +PEIT BRAIN+LINGETT+SAV OFF,Klorane,000032647,18532.00,32801.00,1.00,0.00,1.00,31/12/00,Non,
HC-JKL,LAIT VALDA HUILE DE BAOBAB F/250ML,(ambigu — voir nom),000022767,1080.00,1960.00,1.00,0.00,1.00,31/12/00,Non,
HC-JKL,SHIELD LINGETTES,Shield,000032841,1183.00,1775.00,3.00,0.00,3.00,31/12/00,Non,
HC-JKL,SHIELD LOTION 200ML,Shield,000032842,1183.00,1775.00,1.00,0.00,1.00,31/12/00,Non,
HC-JKL,KLORANE BB LAIT DE TOIL. 750ML,Klorane,000021492,7089.00,12923.00,1.00,0.00,1.00,31/12/00,Non,
HC-JKL,KL BB (S) SAVON SURGRAS PAIN 250G,Klorane,000024325,3689.00,6694.00,1.00,0.00,1.00,31/12/00,Non,
HC-JKL,JANYS LINE CREME ECLAICISSANTE 50ML,Janys Line,000031496,2966.00,3100.00,2.00,0.00,2.00,31/12/00,Non,
HC-JKL,KLORANE BB LINGETTE +PAISSE NETT/70,Klorane,000028094,4896.00,8665.00,1.00,0.00,1.00,31/12/00,Non,
HC-LAINO,LAINO (D) ARGILE VERTE SURF PDR 300G,Laino,000028150,2307.00,4186.00,1.00,0.00,1.00,31/12/00,Non,
HC-LAINO,LAINO (S) LAIT NUTRI OLIVE 400ML,Laino,000028151,5870.00,10653.00,1.00,0.00,1.00,31/12/00,Non,
HC-LAINO,LAINO (S) SAVON SOUFRE PAIN 150G,Laino,000022943,2480.00,4513.00,1.00,0.00,1.00,31/12/00,Non,
HC-LAINO,LAINO (S) STICK LEVRE POMME/4G,Laino,000021494,1506.00,2665.00,1.00,0.00,1.00,31/12/00,Non,
HC-LAINO,LAINO ARGILE VERTE TUBE 350G,Laino,000023018,3935.00,7141.00,1.00,0.00,1.00,31/12/00,Non,
HC-LAINO,LAINO STICK LEVRE FRAMBOISE T/4G,Laino,000028166,1613.00,2927.00,1.00,0.00,1.00,31/12/00,Non,
HC-LAINO,LAINO STICK LEVRE VANILLE T/4G,Laino,000022174,1574.00,2850.00,1.00,0.00,1.00,31/12/00,Non,
HC-LAINO,LAINO HYDRATANT AMANDE DOUCE FL400ML,Laino,000032060,6090.00,10779.00,1.00,0.00,1.00,31/12/00,Non,
HC-LIPO,CARMEX BAUME LEVRE POT/7.5G,Carmex (à confirmer),000026432,1000.00,1650.00,28.00,0.00,28.00,31/12/00,Non,
HC-LIPO,BLISTEX LIP MEDEX BAUME P/7G,Blistex (à confirmer),000026267,1000.00,1500.00,36.00,0.00,36.00,31/12/00,Non,
HC-LRP,ANTHELIOS UVMUNE 400 SPF 50+ FLUIDE ANTI TACHES,La Roche-Posay,000033009,9666.00,17541.00,1.00,0.00,1.00,31/12/00,Non,
HC-LRP,EFFACLAR GEL PURIF M PEEL200ML,La Roche-Posay,000032719,6986.00,12365.00,1.00,0.00,1.00,31/12/00,Non,
HC-LRP,RELAX PATCH DOULEUR MENSTRUEL BT3,(ambigu — voir nom),000033190,2250.00,3460.00,2.00,0.00,2.00,31/12/00,Non,
HC-LRP,LRP (S) EFFACLAR DUO+ CRM 40ML,La Roche-Posay,000021772,6819.00,12100.00,1.00,0.00,1.00,31/12/00,Non,
HC-LRP,LRP (S-D) EFFACLAR H HYD-APAIS/40ML,La Roche-Posay,000028400,6512.00,11818.00,1.00,0.00,1.00,31/12/00,Non,
HC-LRP,LRP (S-D) LIPIKAR LAIT CORPS 400ML,La Roche-Posay,000022625,9324.00,16921.00,2.00,0.00,2.00,31/12/00,Non,
HC-LRP,LRP (S-D) EFFACLAR DUO+ SPF30 40ML,La Roche-Posay,000022794,7216.00,13100.00,1.00,0.00,1.00,31/12/00,Non,
HC-LRP,LRP ANTHELIOS UVMUNE400 CRM 50ML EX SHAKA,La Roche-Posay,000021499,9126.00,16561.00,1.00,0.00,1.00,31/12/00,Non,
HC-LRP,LRP EFFACLAR (U) GEL MOUSS PURIF 400ML,La Roche-Posay,000021500,8583.00,15500.00,1.00,0.00,1.00,31/12/00,Non,
HC-LRP,LRP EFFACLAR GEL MOUSS PURIF 200ML,La Roche-Posay,000024074,6299.00,11450.00,1.00,0.00,1.00,31/12/00,Non,
HC-LRP,LRP EFFACLAR LOTION ASTR. 200ML,La Roche-Posay,000023546,7337.00,11500.00,1.00,0.00,1.00,31/12/00,Non,
HC-LRP,LRP EFFACLAR DUO+ SERUM 30ML,La Roche-Posay,000031087,15900.00,15900.00,1.00,0.00,1.00,31/12/00,Non,marge nulle (cession=public identiques)
HC-LRP,LRP LIPIKAR BAUME AP+ 200ML,La Roche-Posay,000028419,8529.00,18057.00,1.00,0.00,1.00,31/12/00,Non,
HC-LRP,LRP LIPIKAR GEL LAVANT 400ML,La Roche-Posay,000028425,7724.00,14018.00,1.00,0.00,1.00,31/12/00,Non,
HC-LRP,LRP LIPIKAR SAV SURG PAIN/150G (S-D),La Roche-Posay,000022517,3200.00,6950.00,1.00,0.00,1.00,31/12/00,Non,
HC-LRP,LRP LIPIKAR SYNDET AP+ CRM LAV. 400ML,La Roche-Posay,000028432,8109.00,14716.00,1.00,0.00,1.00,31/12/00,Non,
HC-LRP,LRP LIPIKAR LAIT UREA 400ML EXISO UREA,La Roche-Posay,000031863,11650.00,21142.00,1.00,0.00,1.00,31/12/00,Non,
HC-MAYA,MAYANA CREME GOMMANTE EXFOLIANTE,Mayana,000032534,2650.00,4200.00,1.00,0.00,1.00,31/12/00,Non,
HC-MAYA,CREME SOLAIRE MAYANA SPF 50,Creme (à confirmer),000032672,4300.00,6700.00,2.00,0.00,2.00,31/12/00,Non,
HC-MAYA,MAYANA ANTI ACNE SAV,Mayana,000022694,900.00,1500.00,48.00,0.00,48.00,31/12/00,Non,
HC-MAYA,MAYANA LAIT DE CORPS UNIFIANT FL/500ML,Mayana,000022698,6000.00,9500.00,7.00,0.00,7.00,31/12/00,Non,
HC-MAYA,MAYANA SAVON ANTI TACHE 225GRS,Mayana,000022695,900.00,1500.00,33.00,0.00,33.00,31/12/00,Non,
HC-MAYA,MAYANA SAVON ALOE VERA 225GRS,Mayana,000022696,900.00,1500.00,9.00,0.00,9.00,31/12/00,Non,
HC-MAYA,MAYANA SAVON AU BEURRE DE KARITE 225GRS,Mayana,000022697,900.00,1500.00,9.00,0.00,9.00,31/12/00,Non,
HC-MAYA,MAYANA SERUM ANTITACHE 30ML,Mayana,000023424,2500.00,4000.00,17.00,0.00,17.00,31/12/00,Non,
HC-MAYA,MAYANA EAU MICELLAIRE,Mayana,000023425,2500.00,4000.00,4.00,0.00,4.00,31/12/00,Non,
HC-MAYA,MAYANA LAIT RADIANCE FL/500ML,Mayana,000032258,3000.00,5000.00,10.00,0.00,10.00,31/12/00,Non,
HC-MAYA,MAYANA LAIT CLARIFIANT FL/500ML,Mayana,000032259,4000.00,6500.00,10.00,0.00,10.00,31/12/00,Non,
HC-MAYA,MAYANA GEL GOMMANT EXFOLIANT FL/500ML,Mayana,000032260,2500.00,4000.00,6.00,0.00,6.00,31/12/00,Non,
HC-MAYA,MAYANA 100 J'ADORE FL/50ML,Mayana,000032264,2800.00,4500.00,2.00,0.00,2.00,31/12/00,Non,
HC-MAYA,MAYANA 200 BLEU CH FL/50ML,Mayana,000032266,2800.00,4500.00,5.00,0.00,5.00,31/12/00,Non,
HC-MAYA,MAYANA CREME VISAGE JOUR ET NUIT,Mayana,000022700,3300.00,5200.00,18.00,0.00,18.00,31/12/00,Non,
HC-MAYA,MAYANA HUILE NOURRISSANTE 125ML,Mayana,000022699,2000.00,3200.00,2.00,0.00,2.00,31/12/00,Non,
HC-MIXA,MIXA HUILE ANTI VERGETURES 100ML,Mixa,000033095,6500.00,10900.00,4.00,0.00,4.00,31/12/00,Non,
HC-MIXA,MIXA SERUM CONCENTRE ANTI-TACHES 30ML,Mixa,000033215,6000.00,10000.00,2.00,0.00,2.00,31/12/00,Non,
HC-MIXA,MIXA SERUM CONCENTRE ANT-IMPERFECTIONS 30ML,Mixa,000033216,6000.00,10000.00,3.00,0.00,3.00,31/12/00,Non,
HC-MIXA,MIXA 10 EN 1 CICA REPAIR + 150ML,Mixa,000033217,6500.00,10100.00,3.00,0.00,3.00,31/12/00,Non,
HC-MIXA,MIXA CREME CICA REPAIR POT 400ML,Mixa,000032868,7000.00,10900.00,4.00,0.00,4.00,31/12/00,Non,
HC-MIXA,MIXA CREME NIACINAMIDE POT 400ML,Mixa,000032869,6000.00,11500.00,13.00,0.00,13.00,31/12/00,Non,
HC-MIXA,MIXA LAIT CICA REPAIR 250ML,Mixa,000032870,3500.00,5500.00,4.00,0.00,4.00,31/12/00,Non,
HC-MIXA,MIXA LAIT NIACINAMIDE 250ML,Mixa,000032871,3500.00,5500.00,12.00,0.00,12.00,31/12/00,Non,
HC-MIXA,MIXA NETTOYANT CONFORT ANTI-TERNE 150ML,Mixa,000032976,5000.00,8000.00,2.00,0.00,2.00,31/12/00,Non,
HC-MIXA,MIXA NETTOYANT CONFORT ANTI-SECHERESSE 150ML,Mixa,000032978,5000.00,8000.00,3.00,0.00,3.00,31/12/00,Non,
HC-MKL,MKL GEL DOUCH LAIT D'ANNESS GERS,MKL,000023723,3278.00,5949.00,1.00,0.00,1.00,31/12/00,Non,
HC-MKL,MKL GEL DOUCH MONOI TAHITI,MKL,000023724,3278.00,5949.00,1.00,0.00,1.00,31/12/00,Non,
HC-MKL,MKL GEL DOUCH BIO ARGAN 1L,MKL,000023721,4587.00,8324.00,1.00,0.00,1.00,31/12/00,Non,
HC-MKL,MKL HUIL CORPS ALOE VERA BIO 200ML,MKL,000023726,5097.00,9250.00,1.00,0.00,1.00,31/12/00,Non,
HC-MKL,MKL GEL DOUCH NOIX COCO SS SAV,MKL,000023725,3278.00,5949.00,1.00,0.00,1.00,31/12/00,Non,
HC-MKL,MKL CREM MAIN BIO COCO 50ML,MKL,000023715,1309.00,2375.00,1.00,0.00,1.00,31/12/00,Non,
HC-MKL,MKL BAUM LEVRE BIO CITRON 4G,MKL,000032895,1067.00,2000.00,1.00,0.00,1.00,31/12/00,Non,
HC-MKL,MKL BAUM LEVRE BIO COCO 4G,MKL,000032896,1067.00,2000.00,1.00,0.00,1.00,31/12/00,Non,
HC-MKL,MKL BAUM LRVRE BIO KARITE 4G,MKL,000032898,1067.00,2000.00,1.00,0.00,1.00,31/12/00,Non,
HC-MKL,MKL BAUM LEVRE BIO NEUTRE 4G,MKL,000032897,1067.00,2000.00,1.00,0.00,1.00,31/12/00,Non,
HC-MKL,MKL CREM MAIN BIO ABRICOT 50ML,MKL,000032899,1309.00,2375.00,1.00,0.00,1.00,31/12/00,Non,
HC-MKL,MKL CREM VISAGE ANTI RIDES LAIT D.ANNES BIOO,MKL,000023716,3658.00,6638.00,2.00,0.00,2.00,31/12/00,Non,
HC-MNO,MARIE ROSE SHAMP ANTI PPOUX&LENTE 125ML,Marie Rose,000022856,2178.00,3950.00,1.00,0.00,1.00,31/12/00,Non,
HC-MNO,NEUTRAD (S-D) SAVON SURGRAS 200G LOT/3 CH,Neutrad,000032686,1388.00,3400.00,21.00,0.00,21.00,31/12/00,Non,
HC-MNO,MALIBU LOTION LAIT SOLAIRE SPF 20 FL/200ML,Malibu,000031907,4492.00,8153.00,2.00,0.00,2.00,31/12/00,Non,
HC-MNO,MALIBU LOTION SOLAIRE SPF 30 FL/200ML,Malibu,000031906,5424.00,9843.00,1.00,0.00,1.00,31/12/00,Non,
HC-MNO,MALIBU LOTION LAIT SPF 30 SPRAY FL/200ML,Malibu,000031908,5424.00,9843.00,2.00,0.00,2.00,31/12/00,Non,
HC-MNO,MDL SAVON VEGETAL ANTI ACNE 150G,MDL,000022744,2225.00,4050.00,2.00,0.00,2.00,31/12/00,Non,
HC-MNO,MDL SAVON VEGETAL ANTISEPTIQUE 150G,MDL,000021502,2269.00,4117.00,2.00,0.00,2.00,31/12/00,Non,
HC-MNO,NEUTROGENA CALME CURCUMA BRUME 1APAIS SPRAY 125ML,Neutrogena,000032299,4964.00,8786.00,1.00,0.00,1.00,31/12/00,Non,
HC-MNO,NEUTROGENA DEEP CLEAN GEL EXFOLIANT 150ML,Neutrogena,000032301,4885.00,8865.00,1.00,0.00,1.00,31/12/00,Non,
HC-MNO,MALIBU LAIT APRES SOLEIL SPRAY FL/200ML,Malibu,000031909,2839.00,5152.00,2.00,0.00,2.00,31/12/00,Non,
HC-MNO,NEUTROGENA GEL EXFOLIANT ANTIBRIL CIT VERT 150ML,Neutrogena,000032305,4714.00,8555.00,1.00,0.00,1.00,31/12/00,Non,
HC-MNO,OXYPROLANE LAIT DE CORPS 500ML,Oxyprolane,000032979,17000.00,26500.00,2.00,0.00,2.00,31/12/00,Non,
HC-MNO,OXYPROLANE SAVON ECLAT DU TEINT 220G,Oxyprolane,000032980,6000.00,9500.00,2.00,0.00,2.00,31/12/00,Non,
HC-NIVEA,NIVEA LAIT PERFECT ET RADIANT FL/400ML,Nivea,000031883,2119.00,3845.00,1.00,0.00,1.00,31/12/00,Non,
HC-NIVEA,NIVEA LABELLO FRAISE STICK 4.8G,Nivea,000032774,1220.00,2214.00,2.00,0.00,2.00,31/12/00,Non,
HC-NIVEA,NIVEA LAIT NATURAL GLOW FL/250ML,Nivea,000031886,1568.00,2845.00,1.00,0.00,1.00,31/12/00,Non,
HC-NIVEA,NIVEA GEL ANTI BLEMISH,Nivea,000031476,2542.00,4600.00,1.00,0.00,1.00,31/12/00,Non,
HC-NIVEA,NIVEA DEMAQILLANT DOUX 125ML,Nivea,000031315,2076.00,3800.00,1.00,0.00,1.00,31/12/00,Non,
HC-NIVEA,NIVEA DEMAQILLANT YEUX 125ML,Nivea,000031316,2034.00,3800.00,2.00,0.00,2.00,31/12/00,Non,
HC-NIVEA,NIVEA GEL NET FRAICHEUR PM,Nivea,000031322,2542.00,4600.00,3.00,0.00,3.00,31/12/00,Non,
HC-NIVEA,NIVEA LAIT DEMAQ VISAGE ET YEUX200ML,Nivea,000031326,2119.00,3900.00,1.00,0.00,1.00,31/12/00,Non,
HC-PQR,POUXIT (S) XF LOT POUX&LENTES/100ML,Pouxit,000022732,5762.00,10455.00,1.00,0.00,1.00,31/12/00,Non,
HC-PQR,PARASIDOSE SOIN TRAITANT F/100ML,Parasidose,000029428,4312.00,7825.00,1.00,0.00,1.00,31/12/00,Non,
HC-PQR,PETIT OL CHVX SECS OLIV/KAR/ARG SH250ML,(ambigu — voir nom),000032775,2708.00,4800.00,1.00,0.00,1.00,31/12/00,Non,
HC-PQR,SHIELD POUDRE 200G,Shield,000032843,2426.00,3639.00,1.00,0.00,1.00,31/12/00,Non,
HC-PQR,PARA SPRAY ENVIRONN POUX 250ML,(ambigu — voir nom),000031773,6348.00,8932.00,1.00,0.00,1.00,31/12/00,Non,
HC-PQR,PALMA SAVON FLEUR D'ORANGER 100G,Palma,000029383,1.00,2.00,1.00,0.00,1.00,31/12/00,Non,prix suspicieusement bas
HC-STU,SIVODERM LOTION ANTI ACNE,Sivoderm,000031520,678.00,1350.00,3.00,0.00,3.00,31/12/00,Non,
HC-STU,SAVON DE MARSEILLE AMANDE DOUCE 4 X 200GRS,(ambigu — voir nom),000031357,1568.00,2950.00,2.00,0.00,2.00,31/12/00,Non,
HC-STU,SAVON DE MARSEILLE GLYCERINE 4 X 200 GRS,(ambigu — voir nom),000031358,1568.00,2950.00,2.00,0.00,2.00,31/12/00,Non,
HC-STU,SVR SEBIACLEA CRM SPF50/40ML,SVR,000023742,6125.00,11115.00,1.00,0.00,1.00,31/12/00,Non,
HC-STU,SAVON PETIT MARSEILLE OLIVE 4X100G,(ambigu — voir nom),000031360,1568.00,2950.00,3.00,0.00,3.00,31/12/00,Non,
HC-STU,SEBIONEX GEL MOUS PURIF 200ML,Sebionex,000029980,6717.00,11650.00,2.00,0.00,2.00,31/12/00,Non,
HC-STU,SEBIONEX HYDRA CRM/40ML,Sebionex,000021562,7567.00,13400.00,1.00,0.00,1.00,31/12/00,Non,
HC-STU,SIVODERM GEL LAVANT EXPERT,Sivoderm,000031573,635.00,1500.00,3.00,0.00,3.00,31/12/00,Non,
HC-STU,SIVODERM SAVON EXPERT,Sivoderm,000031575,600.00,1100.00,9.00,0.00,9.00,31/12/00,Non,
HC-STU,SVR DENTISIUM CR RICHE 50ML,SVR,000023740,21965.00,21965.00,1.00,0.00,1.00,31/12/00,Non,marge nulle (cession=public identiques)
HC-STU,SVR DENTISIUM CONTOUR YEUX 15ML,SVR,000023739,14459.00,26240.00,1.00,0.00,1.00,31/12/00,Non,
HC-STU,SENSITELIAL (S) SOIN EMOL/500ML,Sensitelial,000030024,7918.00,14369.00,2.00,0.00,2.00,31/12/00,Non,
HC-STU,SHIELD HUILE 200ML,Shield,000032840,2367.00,3550.00,2.00,0.00,2.00,31/12/00,Non,
HC-STU,SHIELD SHAMPOING 200ML,Shield,000032844,1420.00,2130.00,1.00,0.00,1.00,31/12/00,Non,
HC-STU,SEBIONEX TRIO ANTI IMP CR T/40ML,Sebionex,000022049,6908.00,12536.00,2.00,0.00,2.00,31/12/00,Non,
HC-TOPIC,TOPICREM MELA LAIT UNIF 200ML,Topicrem,000032550,10856.00,19703.00,1.00,0.00,1.00,31/12/00,Non,
HC-TOPIC,TOPICREM ULTRA HYDR HUILE DOUCE F/1L,Topicrem,000032046,8841.00,16044.00,1.00,0.00,1.00,31/12/00,Non,
HC-TOPIC,TOPICREM MELA SERUM INT ANTITACCHE ECLAT 30ML,Topicrem,000025527,11300.00,20507.00,1.00,0.00,1.00,31/12/00,Non,
HC-TOPIC,TOPICREM PACK MELA ROUTINE VISAGE 3PCS,Topicrem,000032820,25510.00,45152.00,1.00,0.00,1.00,31/12/00,Non,
HC-TOPIC,TOPICREM (S) CICA CRM REPAR 40ML,Topicrem,000030530,3722.00,6200.00,1.00,0.00,1.00,31/12/00,Non,
HC-TOPIC,TOPICREM (S) EMULS CORPS ULT HYD 500ML,Topicrem,000030531,7810.00,14175.00,1.00,0.00,1.00,31/12/00,Non,
HC-TOPIC,TOPICREM (S) MELA PAIN EXF. 150G,Topicrem,000023037,3588.00,6511.00,1.00,0.00,1.00,31/12/00,Non,
HC-TOPIC,TOPICREM (S) DA BAUME EMOL VIS&CORP 500ML,Topicrem,000030533,8915.00,16178.00,1.00,0.00,1.00,31/12/00,Non,
HC-TOPIC,TOPICREM AC CRM COMP. 40ML,Topicrem,000024157,5618.00,10200.00,1.00,0.00,1.00,31/12/00,Non,
HC-TOPIC,TOPICREM AC GEL NET PURIF 200ML,Topicrem,000030534,4117.00,7471.00,1.00,0.00,1.00,31/12/00,Non,
HC-TOPIC,TOPICREM AC GEL NET PURIF 400ML,Topicrem,000022489,5296.00,9611.00,1.00,0.00,1.00,31/12/00,Non,
HC-TOPIC,TOPICREM BB LAIT HYDRAT 500ML,Topicrem,000030539,8099.00,14335.00,1.00,0.00,1.00,31/12/00,Non,
HC-TOPIC,TOPICREM GEL NETT DOUCH F/500ML,Topicrem,000024017,5230.00,9491.00,1.00,0.00,1.00,31/12/00,Non,
HC-TOPIC,TOPICREM LAIT ULT HYD DUO 2X500ML (D),Topicrem,000021582,12505.00,22700.00,1.00,0.00,1.00,31/12/00,Non,
HC-TOPIC,TOPICREM MELA CRM NUIT 40ML,Topicrem,000030555,10553.00,19152.00,1.00,0.00,1.00,31/12/00,Non,
HC-TOPIC,TOPICREM STICK LEVRE ULT HYD 4G,Topicrem,000022805,1892.00,3450.00,1.00,0.00,1.00,31/12/00,Non,
HC-URIAG,URIAGE CRM MAIN T/50ML,Uriage,000030706,2867.00,5203.00,1.00,0.00,1.00,31/12/00,Non,
HC-URIAG,URIAGE GEL SURGRAS DERMATO 500ML (S),Uriage,000030709,6712.00,12181.00,1.00,0.00,1.00,31/12/00,Non,
HC-URIAG,URIAGE GYN-PHY GEL INT./200ML,Uriage,000030710,3771.00,6845.00,1.00,0.00,1.00,31/12/00,Non,
HC-URIAG,URIAGE HYSEAC 3-REGUL CRM/40ML (S),Uriage,000030711,5863.00,14400.00,1.00,0.00,1.00,31/12/00,Non,
HC-URIAG,URIAGE LAIT VELOUTE CORPS 500ML (S),Uriage,000030717,8206.00,14892.00,1.00,0.00,1.00,31/12/00,Non,
HC-URIAG,URIAGE STICK LEVRES TB 4G,Uriage,000030718,2725.00,5075.00,1.00,0.00,1.00,31/12/00,Non,
HC-URIAG,URIAGE DEO PUIS 3ROLL ON 50ML,Uriage,000032242,4999.00,9072.00,1.00,0.00,1.00,31/12/00,Non,
HC-URIAG,URIAGE XEMOSE BAUE OLEO EX LAIT 500ML,Uriage,000032246,11987.00,21754.00,1.00,0.00,1.00,31/12/00,Non,
HC-URIAG,URIAGE 1ER LAIT HYDR VIS/ CORP FL500ML,Uriage,000032250,8212.00,14903.00,1.00,0.00,1.00,31/12/00,Non,
HC-URIAG,URIAGE HYSEAC FLUIDE SPF50+ 50ML,Uriage,000031167,6203.00,11257.00,1.00,0.00,1.00,31/12/00,Non,
HC-VIDOX,VIDOXA LAIT HYDRATANT UNIFIANT - 400ML,Vidoxa,000032561,9322.00,16500.00,7.00,0.00,7.00,31/12/00,Non,
HC-VIDOX,VIDOXA SERUM ANTI TACHES - 30ML,Vidoxa,000032562,7627.00,13500.00,10.00,0.00,10.00,31/12/00,Non,
HC-VIDOX,VIDOXA CREME NUIT REGENERANT UNIFIANT - 30ML,Vidoxa,000032565,5932.00,10500.00,10.00,0.00,10.00,31/12/00,Non,
HC-VIDOX,VIDOXA ANTI IMPERFECTIONS - 30ML,Vidoxa,000032566,6780.00,12000.00,11.00,0.00,11.00,31/12/00,Non,
HC-VIDOX,VIDOXA SAVON EXFOLIANT - 200G,Vidoxa,000032567,4000.00,6000.00,9.00,0.00,9.00,31/12/00,Non,
HC-VIDOX,VIDOXA FLUIDE JOUR/30ML,Vidoxa,000030857,5932.00,10500.00,10.00,0.00,10.00,31/12/00,Non,
HC-VWX,VEGEBOM (S-D) SAV PURIF PAIN 100G,Vegebom,000030795,1657.00,3007.00,1.00,0.00,1.00,31/12/00,Non,
HC-VWX,VEGEBOM SAV SURGRAS 100G,Vegebom,000030803,1898.00,3450.00,1.00,0.00,1.00,31/12/00,Non,
HC-VWX,VASELINE LAIT COCOA GLOW FL/400ML,Vaseline,000031891,1864.00,3500.00,1.00,0.00,1.00,31/12/00,Non,
HC-VWX,VERGETEX CR ANTI VERGETURE T/100G,Vergetex,000032409,2957.00,5400.00,1.00,0.00,1.00,31/12/00,Non,
HC-VWX,SHIELD VASELINE 100ML,Shield,000032848,1420.00,2130.00,2.00,0.00,2.00,31/12/00,Non,
HC-VWX,WILLIAMS GEL A RASER 3JOURS 200ML,Williams,000030941,3347.00,6200.00,3.00,0.00,3.00,31/12/00,Non,
HC-VWX,VALDA LAIT ADOUC BEURRE DE KARITE 250ML,Valda,000021623,900.00,1650.00,1.00,0.00,1.00,31/12/00,Non,
PARFUME,IAP EDP NX23 FL/150ML BURBERRY PARFUM,IAP (parfums génériques),000031517,7184.00,13000.00,3.00,0.00,3.00,31/12/00,Non,
PARFUME,IAP EDP N°52 FL30ML FRASCO,IAP (parfums génériques),000033019,2230.00,4000.00,4.00,0.00,4.00,31/12/00,Non,
PARFUME,PARIS CHIC EDP 100ML,(générique parfum),000031348,4000.00,7259.00,1.00,0.00,1.00,31/12/00,Non,
PARFUME,IAP EDP N° 57 FL30ML FRASCO,IAP (parfums génériques),000033018,2230.00,4000.00,4.00,0.00,4.00,31/12/00,Non,
PARFUME,IAP EDP N°75 FL30ML FRASCO,IAP (parfums génériques),000033020,2230.00,4000.00,3.00,0.00,3.00,31/12/00,Non,
PARFUME,IAP EDP N)76 FL30ML FRASCO,IAP (parfums génériques),000033017,2230.00,4000.00,3.00,0.00,3.00,31/12/00,Non,
PARFUME,IAP EDP N°32 + FL30ML FRASCO,IAP (parfums génériques),000033026,2230.00,4000.00,5.00,0.00,5.00,31/12/00,Non,
PARFUME,IAP EDP MINI N°40 BLACK OPIUM 50ML,IAP (parfums génériques),000033028,3608.00,6400.00,3.00,0.00,3.00,31/12/00,Non,
PARFUME,SAPHIR DORIENT EDP 50ML,Saphir d'Orient,000031355,4661.00,8500.00,1.00,0.00,1.00,31/12/00,Non,
PARFUME,UDV EAU DE PARFUM VARENSIA WHITE 50ML,UDV,000031369,4500.00,8167.00,1.00,0.00,1.00,31/12/00,Non,
PARFUME,BRUMES EXOTIQUES ORIENT - 250ML,Brumes Exotiques,000032568,4237.00,7500.00,5.00,0.00,5.00,31/12/00,Non,
PARFUME,BRUMES EXOTIQUES TAHITI,Brumes Exotiques,000032569,4237.00,7500.00,3.00,0.00,3.00,31/12/00,Non,
PARFUME,BRUMES EXOTIQUES PROVENCE,Brumes Exotiques,000032570,5000.00,7500.00,9.00,0.00,9.00,31/12/00,Non,
PARFUME,UDV EAU DE TOILETTE ORIENT ELIXIR 60ML,UDV,000031381,3390.00,6500.00,1.00,0.00,1.00,31/12/00,Non,
PARFUME,DOVE DEO GO FRESH CONCOMBRE/250ML,Dove,000026944,1780.00,2300.00,4.00,0.00,4.00,31/12/00,Non,
PARFUME,DOVE DEO ROLL ON ORIGINAL/50ML,Dove,000026952,918.00,1670.00,10.00,0.00,10.00,31/12/00,Non,
PARFUME,DOVE DEO ORIGINAL/250ML,Dove,000026955,1780.00,2729.00,6.00,0.00,6.00,31/12/00,Non,
PARFUME,BIEN ETRE LAVANDE FL/250ML,Bien Etre,000033135,5040.00,8950.00,1.00,0.00,1.00,31/12/00,Non,
PARFUME,ETIAXIL DETRANSPIRANT PEAUX SENS 15ML,Etiaxil,000027157,6512.00,11818.00,1.00,0.00,1.00,31/12/00,Non,
PARFUME,202 TERRE D'HERMES 50ML,(générique parfum),000032787,2800.00,4500.00,4.00,0.00,4.00,31/12/00,Non,
PARFUME,101 COCO MADAME 50ML,(générique parfum),000032784,2800.00,4500.00,1.00,0.00,1.00,31/12/00,Non,
PARFUME,102 LA VIE EST BELLE MAYANA 50ML,Mayana,000032785,2800.00,4500.00,3.00,0.00,3.00,31/12/00,Non,
PARFUME,103 BLACK OPIUM MAYANA 50ML,Mayana,000032786,2800.00,4500.00,1.00,0.00,1.00,31/12/00,Non,
PARFUME,OUD ISPAHAN MAYANA 50ML,Mayana,000032794,2800.00,4500.00,3.00,0.00,3.00,31/12/00,Non,
PARFUME,BRUME DAKAR MAYANA 150ML,Mayana,000032789,1050.00,1700.00,5.00,0.00,5.00,31/12/00,Non,
PARFUME,BRUME KAOLACK MAYANA 150ML,Mayana,000032790,1050.00,1700.00,5.00,0.00,5.00,31/12/00,Non,
PARFUME,BRUME THIES MAYANA 150ML,Mayana,000032792,1050.00,1700.00,5.00,0.00,5.00,31/12/00,Non,
PARFUME,BRUME SAINT LOUIS MAYANA 150ML,Mayana,000032791,1050.00,1700.00,5.00,0.00,5.00,31/12/00,Non,
PARFUME,BRUME ZIGUINCHOR MAYANA 150ML,Mayana,000032793,1050.00,1700.00,5.00,0.00,5.00,31/12/00,Non,
PARFUME,COTTON MUSK ORI EDP 100ML,(générique parfum),000031263,5932.00,10800.00,2.00,0.00,2.00,31/12/00,Non,
PARFUME,IAP EDP (D) Nø11 BE DELICIOUS 150ML,IAP (parfums génériques),000027891,6431.00,13772.00,1.00,0.00,1.00,31/12/00,Non,
PARFUME,MAYANA 204 ONE M PR 50ML,Mayana,000031440,2800.00,4500.00,6.00,0.00,6.00,31/12/00,Non,
PARFUME,IAP EDP (D) Nø15 NARCIS R. (MINI) 50ML,IAP (parfums génériques),000027892,3608.00,6400.00,3.00,0.00,3.00,31/12/00,Non,
PARFUME,IAP EDP (D) Nø16 COCO CHANNEL (MINI) 50ML,IAP (parfums génériques),000027893,3608.00,6400.00,3.00,0.00,3.00,31/12/00,Non,
PARFUME,NIVEA DEO ROLL DRY IMPACT 50ML,Nivea,000028969,1500.00,2300.00,6.00,0.00,6.00,31/12/00,Non,
PARFUME,NIVEA DEO ROLL DEEP DARKWOOD 72H 50ML,Nivea,000028971,1500.00,2300.00,6.00,0.00,6.00,31/12/00,Non,
PARFUME,NIVEA DEO ROLL FRESH NATUREL 48H 50ML,Nivea,000028972,1500.00,2300.00,6.00,0.00,6.00,31/12/00,Non,
PARFUME,IAP EDP (D) Nø30 LA VIE EST BELLE (MINI) 50ML,IAP (parfums génériques),000021128,3608.00,6400.00,3.00,0.00,3.00,31/12/00,Non,
PARFUME,IAP EDP (D) NØ30 LA VIE EST BELLE 150ML,IAP (parfums génériques),000027902,7588.00,13771.00,1.00,0.00,1.00,31/12/00,Non,
PARFUME,NIVEA DEO BILLE BLACK/WHITE 50ML,Nivea,000028975,1500.00,2300.00,6.00,0.00,6.00,31/12/00,Non,
PARFUME,IAP EDP (D) Nø32 OLYMPEA (MINI) 50ML,IAP (parfums génériques),000024120,3608.00,6400.00,5.00,0.00,5.00,31/12/00,Non,
PARFUME,MKL DEO BIO ALOE VERA 50ML,MKL,000023718,2519.00,4571.00,1.00,0.00,1.00,31/12/00,Non,
PARFUME,IAP COFFRET PURE FLEUR,IAP (parfums génériques),000020530,10078.00,15500.00,1.00,0.00,1.00,31/12/00,Non,
PARFUME,IAP EDP (D) NØ51 HUGO BOSS 150ML,IAP (parfums génériques),000027912,7588.00,13450.00,1.00,0.00,1.00,31/12/00,Non,
PARFUME,IAP EDP (D) NØ55 AQUA DI GIO (MINI)50ML,IAP (parfums génériques),000027915,3608.00,6400.00,1.00,0.00,1.00,31/12/00,Non,
PARFUME,NIVEA DEO ROLL WOM FRESH ENERGY/50ML,Nivea,000028989,1500.00,2300.00,6.00,0.00,6.00,31/12/00,Non,
PARFUME,IAP EDP N 19FL 150ML CHLOE,IAP (parfums génériques),000031296,7588.00,13771.00,1.00,0.00,1.00,31/12/00,Non,
PARFUME,NIVEA DEO ROLL WOM PEARL & BEAUTY 50ML,Nivea,000028993,1500.00,2300.00,6.00,0.00,6.00,31/12/00,Non,
PARFUME,IAP EDP N°22 FL150MLFLOWER BY KENZO,IAP (parfums génériques),000031298,7588.00,12597.00,1.00,0.00,1.00,31/12/00,Non,
PARFUME,IAP KIDS PARF ENF MIXTE FL/100ML,IAP (parfums génériques),000031300,3897.00,7100.00,6.00,0.00,6.00,31/12/00,Non,
PARFUME,IAP EDP (D) Nø69 ONE MILION (MINI) 50ML,IAP (parfums génériques),000024204,3608.00,6400.00,1.00,0.00,1.00,31/12/00,Non,
PARFUME,IAP EDP N°15 FL30ML FRASCO,IAP (parfums génériques),000032931,2230.00,4000.00,2.00,0.00,2.00,31/12/00,Non,
PARFUME,IAP EDP N°16 FL30L FRASCO,IAP (parfums génériques),000032932,2230.00,4000.00,5.00,0.00,5.00,31/12/00,Non,
PARFUME,IAP EDP N°30 FL30ML FRASCO,IAP (parfums génériques),000032933,2230.00,4000.00,7.00,0.00,7.00,31/12/00,Non,
PARFUME,IAP EDP N°40 FL30ML FRASCO,IAP (parfums génériques),000032934,2230.00,4000.00,4.00,0.00,4.00,31/12/00,Non,
PARFUME,IAP EDP N° 48 FL30ML FRASCO,IAP (parfums génériques),000032935,2230.00,4000.00,6.00,0.00,6.00,31/12/00,Non,
PARFUME,IAP EDP N°51 FL30ML FRASCO,IAP (parfums génériques),000032936,2230.00,4000.00,8.00,0.00,8.00,31/12/00,Non,
PARFUME,IAP EDP N°55 FL30ML FRASCO,IAP (parfums génériques),000032937,2230.00,4000.00,3.00,0.00,3.00,31/12/00,Non,
PARFUME,IAP EDP N°66 FL30ML FRASCO,IAP (parfums génériques),000032938,2230.00,4000.00,4.00,0.00,4.00,31/12/00,Non,
PARFUME,IAP EDP N°69 FL30ML FRASCO,IAP (parfums génériques),000032939,2230.00,4000.00,3.00,0.00,3.00,31/12/00,Non,
PARFUME,IAP EDP N°71 FL30ML FRASCO,IAP (parfums génériques),000032940,2230.00,4000.00,1.00,0.00,1.00,31/12/00,Non,
PARFUME,DEODORANT BALEA VRAC 200ML,Balea,000025909,1250.00,2000.00,7.00,0.00,7.00,31/12/00,Non,
PARFUME,BIEN ETRE ESSENCE FRAICH/250ML,Bien Etre,000033134,5040.00,8950.00,1.00,0.00,1.00,31/12/00,Non,
PARFUME,PARFUM BABY COLOGNE,(ambigu — voir nom),000031162,1000.00,1650.00,1.00,0.00,1.00,31/12/00,Non,
