produit,code-barres,categorie,sous_categorie,justification
ELUDRILPRO BAIN BOUCHE FL500ML,000032536,Hygiène bucco-dentaire,Bains de bouche,rayon PDF « HB - BBC » (Bains de bouche)
ELUDRIL PRO BAIN BCHE 200ML,000022162,Hygiène bucco-dentaire,Bains de bouche,rayon PDF « HB - BBC » (Bains de bouche)
DOLOSEPTYL(S) BDB UNID. 10ML B/10,000026930,Hygiène bucco-dentaire,Bains de bouche,rayon PDF « HB - BBC » (Bains de bouche)
VERAX BLU BAIN BOUCHE FL120ML,000030819,Hygiène bucco-dentaire,Bains de bouche,rayon PDF « HB - BBC » (Bains de bouche)
PARODONTAX BAIN DE BOUCHE 500ML,000020834,Hygiène bucco-dentaire,Bains de bouche,rayon PDF « HB - BBC » (Bains de bouche)
BETADINE SOL GARG BAIN BCHE F125ML,000022729,Hygiène bucco-dentaire,Bains de bouche,rayon PDF « HB - BBC » (Bains de bouche)
BUCCOTHYMOL BAIN BCHE FL150ML,000021053,Hygiène bucco-dentaire,Bains de bouche,rayon PDF « HB - BBC » (Bains de bouche)
ADNA (S) BDB ACTIF ORAN&MENT/250ML,000020961,Hygiène bucco-dentaire,Bains de bouche,rayon PDF « HB - BBC » (Bains de bouche)
ADNA (S) BDB ANTI-PLAQ MENTHE/250ML,000025606,Hygiène bucco-dentaire,Bains de bouche,rayon PDF « HB - BBC » (Bains de bouche)
"SEPTYL 0,1% BAIN BCHE FL200ML",000022328,Hygiène bucco-dentaire,Bains de bouche,rayon PDF « HB - BBC » (Bains de bouche)
"SEPTYL 0,1% BAIN BCHE FL80ML",000030046,Hygiène bucco-dentaire,Bains de bouche,rayon PDF « HB - BBC » (Bains de bouche)
GUMFORTE BDB MENTHE/200ML,000021013,Hygiène bucco-dentaire,Bains de bouche,rayon PDF « HB - BBC » (Bains de bouche)
ELGYD (D) JR 7-12ANS BUBBLE DTF 50ML,000023792,Hygiène bucco-dentaire,Dentifrices,rayon PDF « HB - PATES » (Pâtes dentifrices)
ELGYD (D) KIDS 3-6ANS FRAISE GIV 50ML,000022480,Hygiène bucco-dentaire,Dentifrices,rayon PDF « HB - PATES » (Pâtes dentifrices)
SIGNAL KIDS 0-6ANS 70ML,000030091,Hygiène bucco-dentaire,Dentifrices,rayon PDF « HB - PATES » (Pâtes dentifrices)
ELGYD (S) BLANCH DENTIF 75ML,000023793,Hygiène bucco-dentaire,Dentifrices,rayon PDF « HB - PATES » (Pâtes dentifrices)
ELGYD (S) DTF ANTIPLAQ 100ML,000021712,Hygiène bucco-dentaire,Dentifrices,rayon PDF « HB - PATES » (Pâtes dentifrices)
ELGYD (S) DTF ANTIPLAQ 75ML,000023398,Hygiène bucco-dentaire,Dentifrices,rayon PDF « HB - PATES » (Pâtes dentifrices)
ELGYD (S) DTF DENTS SENS 75ML,000023794,Hygiène bucco-dentaire,Dentifrices,rayon PDF « HB - PATES » (Pâtes dentifrices)
ELGYD (S) DTF GENC IRRI 75ML,000023795,Hygiène bucco-dentaire,Dentifrices,rayon PDF « HB - PATES » (Pâtes dentifrices)
SIGNAL SOIN FRAICH & BLANCH DENTIF 75ML,000030098,Hygiène bucco-dentaire,Dentifrices,rayon PDF « HB - PATES » (Pâtes dentifrices)
ELGYD (S) DTF PROTEC CARIES 75ML,000022666,Hygiène bucco-dentaire,Dentifrices,rayon PDF « HB - PATES » (Pâtes dentifrices)
ELGYD DTF MULTI ACTIONS/75ML,000023705,Hygiène bucco-dentaire,Dentifrices,rayon PDF « HB - PATES » (Pâtes dentifrices)
PARODONTAX (S) DTF FRAICH INT 75ML,000022746,Hygiène bucco-dentaire,Dentifrices,rayon PDF « HB - PATES » (Pâtes dentifrices)
PARODONTAX (S) PATE GING ORIGINAL 75ML,000021666,Hygiène bucco-dentaire,Dentifrices,rayon PDF « HB - PATES » (Pâtes dentifrices)
PAROGENCYL (S) PR•VENT DTF 75ML,000022573,Hygiène bucco-dentaire,Dentifrices,rayon PDF « HB - PATES » (Pâtes dentifrices)
SIGNAL HALEINE FRAICHE DENTIF FL/ 75ML,000031894,Hygiène bucco-dentaire,Dentifrices,rayon PDF « HB - PATES » (Pâtes dentifrices)
COLGATE MAXI FRESH BLUE 100ML,000026641,Hygiène bucco-dentaire,Dentifrices,rayon PDF « HB - PATES » (Pâtes dentifrices)
COLGATE CHARCOAL GENTLE CLEAN 120G,000024347,Hygiène bucco-dentaire,Dentifrices,rayon PDF « HB - PATES » (Pâtes dentifrices)
COLGATE TOTAL CHARCOAL 75ML,000026643,Hygiène bucco-dentaire,Dentifrices,rayon PDF « HB - PATES » (Pâtes dentifrices)
FLUOCARIL BI 145 BLANCHEUR 2*75ML,000021650,Hygiène bucco-dentaire,Dentifrices,rayon PDF « HB - PATES » (Pâtes dentifrices)
FLUOCARIL (S) BI 145 BLANCH 075ML,000023024,Hygiène bucco-dentaire,Dentifrices,rayon PDF « HB - PATES » (Pâtes dentifrices)
FLUOCARIL (S) JR 6-13ANS F-R 75ML,000023799,Hygiène bucco-dentaire,Dentifrices,rayon PDF « HB - PATES » (Pâtes dentifrices)
FLUOCARIL (S-L) BI 145 MENTHE 075ML,000027488,Hygiène bucco-dentaire,Dentifrices,rayon PDF « HB - PATES » (Pâtes dentifrices)
ABAAN DTF ALOE VERA/120ML,000025544,Hygiène bucco-dentaire,Dentifrices,rayon PDF « HB - PATES » (Pâtes dentifrices)
XTAR PATE DENTIF PRO TB 100G,000032716,Hygiène bucco-dentaire,Dentifrices,rayon PDF « HB - PATES » (Pâtes dentifrices)
COLGATE MAXI FRESH VERT,000031569,Hygiène bucco-dentaire,Dentifrices,rayon PDF « HB - PATES » (Pâtes dentifrices)
COLGATE MAXI FRESH ROUGE,000023464,Hygiène bucco-dentaire,Dentifrices,rayon PDF « HB - PATES » (Pâtes dentifrices)
GUMFORTE DENTIF CHARBON T/100G,000032739,Hygiène bucco-dentaire,Dentifrices,rayon PDF « HB - PATES » (Pâtes dentifrices)
SIGNAL EXTRA FRAICHEUR 75ML,000023458,Hygiène bucco-dentaire,Dentifrices,rayon PDF « HB - PATES » (Pâtes dentifrices)
COLGATE CLEAN MINT TOTAL,000024348,Hygiène bucco-dentaire,Dentifrices,rayon PDF « HB - PATES » (Pâtes dentifrices)
SENSODYNE REPAR ET PROTEG QUOT 75ML,000022959,Hygiène bucco-dentaire,Dentifrices,rayon PDF « HB - PATES » (Pâtes dentifrices)
SENSODYNE RAPIDE ACTION DENTIF T/75ML,000023807,Hygiène bucco-dentaire,Dentifrices,rayon PDF « HB - PATES » (Pâtes dentifrices)
GUM DENTIFRCE ACTIVAL 75L,000031946,Hygiène bucco-dentaire,Dentifrices,rayon PDF « HB - PATES » (Pâtes dentifrices)
FLUOCARIL JUNIOR BUBBLE GEL 6-12 ANS 75ML,000023806,Hygiène bucco-dentaire,Dentifrices,rayon PDF « HB - PATES » (Pâtes dentifrices)
COREGA POLIDT CRM ADHE MAXI 40G,000022882,Hygiène bucco-dentaire,Dentifrices,rayon PDF « HB - PATES » (Pâtes dentifrices)
SENSOD (S) MULTI PROTEC 75ML,000020785,Hygiène bucco-dentaire,Dentifrices,rayon PDF « HB - PATES » (Pâtes dentifrices)
SENSOD (S) REP&PRO BLANCHR 75ML,000024192,Hygiène bucco-dentaire,Dentifrices,rayon PDF « HB - PATES » (Pâtes dentifrices)
SENSODYNE (S) SOIN BLANCH 24H 75ML,000021564,Hygiène bucco-dentaire,Dentifrices,rayon PDF « HB - PATES » (Pâtes dentifrices)
COLGATE HERBAL T/140G,000024349,Hygiène bucco-dentaire,Dentifrices,rayon PDF « HB - PATES » (Pâtes dentifrices)
SENSODYNE SOIN COMPLET 24H75ML,000022149,Hygiène bucco-dentaire,Dentifrices,rayon PDF « HB - PATES » (Pâtes dentifrices)
GUM DTF JR TUTTI FRUTTI/50ML,000022567,Hygiène bucco-dentaire,Dentifrices,rayon PDF « HB - PATES » (Pâtes dentifrices)
GUMFORTE (D) DTF GEL T/100G,000021313,Hygiène bucco-dentaire,Dentifrices,rayon PDF « HB - PATES » (Pâtes dentifrices)
DENTYGEL CHARBON ACTIF 100G,000032966,Hygiène bucco-dentaire,Dentifrices,rayon PDF « HB - PATES » (Pâtes dentifrices)
DENTYGEL KIDS 3-6 ANS 70G,000032967,Hygiène bucco-dentaire,Dentifrices,rayon PDF « HB - PATES » (Pâtes dentifrices)
SIGNAL ANTI TARTRE SELS MIN DENTIF 75ML,000024358,Hygiène bucco-dentaire,Dentifrices,rayon PDF « HB - PATES » (Pâtes dentifrices)
SIGNAL DENT TRIPLE PROTECTION 140G,000023457,Hygiène bucco-dentaire,Dentifrices,rayon PDF « HB - PATES » (Pâtes dentifrices)
SIGNAL DENT. INTEGRAL8 COCO 75ML,000021336,Hygiène bucco-dentaire,Dentifrices,rayon PDF « HB - PATES » (Pâtes dentifrices)
SIGNAL INTEGRAL8 ACTION INTERDENTAIRE 75ML,000030081,Hygiène bucco-dentaire,Dentifrices,rayon PDF « HB - PATES » (Pâtes dentifrices)
SIGNAL INTEGRAL8 BICARBONATE 75ML,000030082,Hygiène bucco-dentaire,Dentifrices,rayon PDF « HB - PATES » (Pâtes dentifrices)
SIGNAL INTEGRAL8 CHARBON/75ML,000024359,Hygiène bucco-dentaire,Dentifrices,rayon PDF « HB - PATES » (Pâtes dentifrices)
SIGNAL INTEGRAL8 COMPLET DENTIF 75ML,000030083,Hygiène bucco-dentaire,Dentifrices,rayon PDF « HB - PATES » (Pâtes dentifrices)
SIGNAL INTEGRAL8 NETTOYAGE INTENSE/75ML,000030084,Hygiène bucco-dentaire,Dentifrices,rayon PDF « HB - PATES » (Pâtes dentifrices)
SIGNAL INTEGRAL8 SEL ROSE-CAMOMILLE/75ML,000030085,Hygiène bucco-dentaire,Dentifrices,rayon PDF « HB - PATES » (Pâtes dentifrices)
SIGNAL JUNIOR 6-13ANS 75ML,000030087,Hygiène bucco-dentaire,Dentifrices,rayon PDF « HB - PATES » (Pâtes dentifrices)
BIO BALANCE SS VIT C PURE ACID ASCORBIQ 30ML,000032412,Soins du visage,Sérums,"« SS...VIT C PURE ACID ASCORBIQ 30ML » : ingrédient (vitamine C/acide ascorbique) et format 30ML typiques d'un sérum visage ; « SS » pourrait signifier « Sérum Soin » (proposition validée par le client, confiance : Moyenne)"
CERAVE SOIN CONCENTRE ANTI IMPERF 40ML,000023737,Soins du visage,Soins ciblés (imperfections/acné),"gamme dermo-cosmétique anti-imperfections/acné (rayon PDF « HC-ABC » = bac alphabétique de rangement, non pertinent pour la catégorie)"
BALMY POUF BAIN MEDIUM,000032517,Accessoires,,"accessoire (coton-tige, disque démaquillant, peigne, pouf de bain) (rayon PDF « HC-ABC » = bac alphabétique de rangement, non pertinent pour la catégorie)"
BABYMED EAU DE COLOGNE 500ML,000025945,Bébé & maternité,,"produit/marque bébé (BB, Baby, Biolane, Babymed, Corine de Farm, lingettes) (rayon PDF « HC-ABC » = bac alphabétique de rangement, non pertinent pour la catégorie)"
BABYMED GEL LAVANT DOUCEUR 800ML,000025946,Bébé & maternité,,"produit/marque bébé (BB, Baby, Biolane, Babymed, Corine de Farm, lingettes) (rayon PDF « HC-ABC » = bac alphabétique de rangement, non pertinent pour la catégorie)"
BABYMED LAIT DE TOILETTE 800ML,000025949,Bébé & maternité,,"produit/marque bébé (BB, Baby, Biolane, Babymed, Corine de Farm, lingettes) (rayon PDF « HC-ABC » = bac alphabétique de rangement, non pertinent pour la catégorie)"
BABYMED LINGETTES/72,000024346,Bébé & maternité,,"produit/marque bébé (BB, Baby, Biolane, Babymed, Corine de Farm, lingettes) (rayon PDF « HC-ABC » = bac alphabétique de rangement, non pertinent pour la catégorie)"
BIOLANE LAIT CORP ED LIM 750ML,000032546,Bébé & maternité,,"produit/marque bébé (BB, Baby, Biolane, Babymed, Corine de Farm, lingettes) (rayon PDF « HC-ABC » = bac alphabétique de rangement, non pertinent pour la catégorie)"
BYPHASSE Q10 CONTOUR DES YEUX 20ML,000031910,Soins du visage,Contour des yeux,"mention « contour des yeux » (rayon PDF « HC-ABC » = bac alphabétique de rangement, non pertinent pour la catégorie)"
CERAVE LAIT HYDRA F/473ML,000021412,Soins du corps,Laits & crèmes corps,"mention « lait / crème corps / lotion » (rayon PDF « HC-ABC » = bac alphabétique de rangement, non pertinent pour la catégorie)"
CERAVE GEL MOUSSANT F/236ML,000022809,Soins du visage,Nettoyants visage,"mention nettoyant/démaquillant visage (rayon PDF « HC-ABC » = bac alphabétique de rangement, non pertinent pour la catégorie)"
LAIT BODY FASHION ANTI-VERGETURES 500ML,000030287,Soins du corps,Anti-vergetures,"mention « vergetures » (rayon PDF « HC-ABC » = bac alphabétique de rangement, non pertinent pour la catégorie)"
AFRO ET NATURE BONNET NUIT INTERIEUR,000033100,Accessoires,,"mention « bonnet » (accessoire nuit) (rayon PDF « HC-ABC » = bac alphabétique de rangement, non pertinent pour la catégorie)"
PACK CHATEAU ROUGE SAVON + SOIN CONCENTREE -25%,000032656,Hygiène & savons,Savons solides,"mention « savon » (rayon PDF « HC-ABC » = bac alphabétique de rangement, non pertinent pour la catégorie)"
AMT SAVON BAOBAB 148G,000033101,Hygiène & savons,Savons solides,"mention « savon » (rayon PDF « HC-ABC » = bac alphabétique de rangement, non pertinent pour la catégorie)"
AMT SAVON BISSAP 148G,000033102,Hygiène & savons,Savons solides,"mention « savon » (rayon PDF « HC-ABC » = bac alphabétique de rangement, non pertinent pour la catégorie)"
BALMY POUF BAIN AU SAVON BLANC,000032406,Accessoires,,"accessoire (coton-tige, disque démaquillant, peigne, pouf de bain) (rayon PDF « HC-ABC » = bac alphabétique de rangement, non pertinent pour la catégorie)"
AMT SAVON COKTAIL 148G,000033103,Hygiène & savons,Savons solides,"mention « savon » (rayon PDF « HC-ABC » = bac alphabétique de rangement, non pertinent pour la catégorie)"
GEL DE DOUCHE BODY FASHION 850ML,000030294,Hygiène & savons,Gels & huiles de douche,"« GEL DE DOUCHE » explicite dans le nom — non détecté initialement car « DE » sépare GEL et DOUCHE dans le texte source (proposition validée par le client, confiance : Élevée)"
BIOLANE LAIT CORPS HYDRA 350ML,000032595,Bébé & maternité,,"produit/marque bébé (BB, Baby, Biolane, Babymed, Corine de Farm, lingettes) (rayon PDF « HC-ABC » = bac alphabétique de rangement, non pertinent pour la catégorie)"
BIO BALANCE SERUM ACID SALICYLIC 30ML,000032666,Soins du visage,Sérums,"mention « sérum » (rayon PDF « HC-ABC » = bac alphabétique de rangement, non pertinent pour la catégorie)"
AMT SAVON MORINGA 148G,000033105,Hygiène & savons,Savons solides,"mention « savon » (rayon PDF « HC-ABC » = bac alphabétique de rangement, non pertinent pour la catégorie)"
BIO BALANCE SERUM LUMISKIN 30ML,000032667,Soins du visage,Sérums,"mention « sérum » (rayon PDF « HC-ABC » = bac alphabétique de rangement, non pertinent pour la catégorie)"
BUM BUM GEL VOLU FESSIER 200ML,000032676,Soins du corps,Raffermissants corps,"« GEL VOLU FESSIER » = gel volumateur/raffermissant fessier — soin corps explicite (proposition validée par le client, confiance : Élevée)"
BRUMES EXOTIQUES CARAIBES 250ML,000026340,Parfumerie,,"mention EDP/EDT/brume/parfum (rayon PDF « HC-ABC » = bac alphabétique de rangement, non pertinent pour la catégorie)"
BIO OIL HLE DE SOIN F/60ML,000023814,Soins du corps,Huiles corps,"mention « huile » (rayon PDF « HC-ABC » = bac alphabétique de rangement, non pertinent pour la catégorie)"
BRUMES EXOTIQUES HAWAI 250ML,000026341,Parfumerie,,"mention EDP/EDT/brume/parfum (rayon PDF « HC-ABC » = bac alphabétique de rangement, non pertinent pour la catégorie)"
CERAVE GEL MOUSSANT ANTI IMPER F236ML,000023735,Soins du visage,Nettoyants visage,"mention nettoyant/démaquillant visage (rayon PDF « HC-ABC » = bac alphabétique de rangement, non pertinent pour la catégorie)"
CERAVE CREME SA ANTI ROUGOSITEF L177ML,000023734,Soins du corps,Laits & crèmes corps,"mention crème/lait/lotion/fluide (forme générique, sans autre précision) (rayon PDF « HC-ABC » = bac alphabétique de rangement, non pertinent pour la catégorie)"
AVENE CLEAN HYDRA/ CLEAN AC 40ML 536874,000031933,Soins du visage,Nettoyants visage,"mention nettoyant/démaquillant visage (rayon PDF « HC-ABC » = bac alphabétique de rangement, non pertinent pour la catégorie)"
AVENE ULTRA-FLUID 50+50ML,000024135,Solaires,Protection solaire visage SPF50+,"Confirmé par le client (catégorie normalisée « Solaire »->« Solaires » pour correspondre aux 15 autres produits déjà classés Solaires dans le catalogue ; sous-catégorie conservée telle que fournie, aucune sous-catégorie Solaires n'existait encore dans le catalogue) (confiance : Élevée)"
CERAVE CREM REPARATRIC YEUX FL 15ML,000023733,Soins du visage,Contour des yeux,"mention « contour des yeux » (rayon PDF « HC-ABC » = bac alphabétique de rangement, non pertinent pour la catégorie)"
BIO OIL HLE DE SOIN F/125ML,000023811,Soins du corps,Huiles corps,"mention « huile » (rayon PDF « HC-ABC » = bac alphabétique de rangement, non pertinent pour la catégorie)"
BYPHASSE LAIT ECL BLE FL/500ML,000023475,Soins du corps,Soins éclaircissants / anti-taches,"mention « anti-tache / éclaircissant (ECL) / unifiant » (rayon PDF « HC-ABC » = bac alphabétique de rangement, non pertinent pour la catégorie)"
BIO OIL HLE DE SOIN F/25ML,000023813,Soins du corps,Huiles corps,"mention « huile » (rayon PDF « HC-ABC » = bac alphabétique de rangement, non pertinent pour la catégorie)"
BYPHASSE LAIT ECL AVOINE FL500ML,000023476,Soins du corps,Soins éclaircissants / anti-taches,"mention « anti-tache / éclaircissant (ECL) / unifiant » (rayon PDF « HC-ABC » = bac alphabétique de rangement, non pertinent pour la catégorie)"
ATODERM GEL DOUCHE 1L (BIODERMA),000023619,Hygiène & savons,Gels & huiles de douche,"mention « gel douche / huile de douche » (rayon PDF « HC-ABC » = bac alphabétique de rangement, non pertinent pour la catégorie)"
ATODERM HLE DE DOUCHE 1L (BIODERMA),000022702,Hygiène & savons,Gels & huiles de douche,"mention « gel douche / huile de douche » (rayon PDF « HC-ABC » = bac alphabétique de rangement, non pertinent pour la catégorie)"
BLONDEPIL CREM DEPILATOIRE TB200ML,000023777,Rasage & dépilation,,"mention « raser / dépilatoire » (rayon PDF « HC-ABC » = bac alphabétique de rangement, non pertinent pour la catégorie)"
CLAIRISSIME GOLD SERUM ECLAIR F/50ML,000033209,Soins du visage,Sérums,"mention « sérum » (rayon PDF « HC-ABC » = bac alphabétique de rangement, non pertinent pour la catégorie)"
BIOBAL SER COLLAGEN VIT C 30ML,000032800,Soins du corps,Laits & crèmes corps,"mention crème/lait/lotion/fluide (forme générique, sans autre précision) (rayon PDF « HC-ABC » = bac alphabétique de rangement, non pertinent pour la catégorie)"
BIOLANE EAU TOILETT FRAICHEUR 200ML,000032801,Bébé & maternité,,"produit/marque bébé (BB, Baby, Biolane, Babymed, Corine de Farm, lingettes) (rayon PDF « HC-ABC » = bac alphabétique de rangement, non pertinent pour la catégorie)"
CERAVE CREM HYDRATANT JOUR SPF 30 52ML,000023731,Solaires,,"mention SPF/solaire/après-soleil (rayon PDF « HC-ABC » = bac alphabétique de rangement, non pertinent pour la catégorie)"
BIOLANE SPRAY AMANDE EXPORT 75ML,000032802,Bébé & maternité,,"produit/marque bébé (BB, Baby, Biolane, Babymed, Corine de Farm, lingettes) (rayon PDF « HC-ABC » = bac alphabétique de rangement, non pertinent pour la catégorie)"
CANDES LAIT CLARIFIANT SUBLIME AHA F/400ML,000026384,Soins du corps,Soins éclaircissants / anti-taches,"mention « anti-tache / éclaircissant (ECL) / unifiant » (rayon PDF « HC-ABC » = bac alphabétique de rangement, non pertinent pour la catégorie)"
BIO BALANCE CR SUP HD ADV NIGH CERAMID NP0.2%-50ML,000032829,Soins du visage,Crèmes visage,"« CR SUP...NIGH...CERAMID...50ML » = crème de nuit à céramides, format 50ML typique d'un soin visage — non détecté car abrégé « CR » (pas « CREM ») (proposition validée par le client, confiance : Moyenne)"
BIO BALANCE CR SUP PLUMP HYDRA UR 50ML,000032830,Soins du visage,Crèmes visage,"« CR SUP PLUMP HYDRA...50ML » = crème repulpante hydratante, format 50ML typique visage (proposition validée par le client, confiance : Moyenne)"
BIOLANE (S) EDT FRAICHEUR 200ML,000026187,Bébé & maternité,,"produit/marque bébé (BB, Baby, Biolane, Babymed, Corine de Farm, lingettes) (rayon PDF « HC-ABC » = bac alphabétique de rangement, non pertinent pour la catégorie)"
BIOLANE (S) GEL CHV&CORPS 350ML,000026188,Bébé & maternité,,"produit/marque bébé (BB, Baby, Biolane, Babymed, Corine de Farm, lingettes) (rayon PDF « HC-ABC » = bac alphabétique de rangement, non pertinent pour la catégorie)"
BIOLANE (S) GEL CHV&CORPS 750ML,000026189,Bébé & maternité,,"produit/marque bébé (BB, Baby, Biolane, Babymed, Corine de Farm, lingettes) (rayon PDF « HC-ABC » = bac alphabétique de rangement, non pertinent pour la catégorie)"
BIOLANE (S) LINGETTES EPAIS H2O/72,000026190,Bébé & maternité,,"produit/marque bébé (BB, Baby, Biolane, Babymed, Corine de Farm, lingettes) (rayon PDF « HC-ABC » = bac alphabétique de rangement, non pertinent pour la catégorie)"
BIOLANE (S) SAVON DOUX SURG 150G,000026191,Bébé & maternité,,"produit/marque bébé (BB, Baby, Biolane, Babymed, Corine de Farm, lingettes) (rayon PDF « HC-ABC » = bac alphabétique de rangement, non pertinent pour la catégorie)"
CHATEAU ROUGE HUILE DIVINE UNIF HY,000031258,Soins du corps,Soins éclaircissants / anti-taches,"mention « anti-tache / éclaircissant (ECL) / unifiant » (rayon PDF « HC-ABC » = bac alphabétique de rangement, non pertinent pour la catégorie)"
CHATEAU ROUGE CR CONCENTRE UNI VISAGE T/50ML,000031259,Soins du visage,Crèmes visage,"« VISAGE » explicitement présent dans le nom — non détecté car « CR » abrégé au lieu de « CREME/CRÈME » (proposition validée par le client, confiance : Élevée)"
AVENE (L) CLEAN GEL NET400ML,000022753,Soins du visage,Nettoyants visage,"mention nettoyant/démaquillant visage (rayon PDF « HC-ABC » = bac alphabétique de rangement, non pertinent pour la catégorie)"
BIOLANE CRM CHANGE T/100ML,000026199,Bébé & maternité,,"produit/marque bébé (BB, Baby, Biolane, Babymed, Corine de Farm, lingettes) (rayon PDF « HC-ABC » = bac alphabétique de rangement, non pertinent pour la catégorie)"
CHATEAU ROUGE CR PREST JOUR UNI T50ML,000031260,Soins du visage,Crèmes visage,"« CR PREST JOUR UNI T50ML » = crème de jour, même gamme Château Rouge que le produit voisin qui mentionne « VISAGE » explicitement (proposition validée par le client, confiance : Moyenne)"
AVE (S) CICALFATE+ CRM REP/PRO 40ML,000025854,Soins du visage,Soins ciblés (imperfections/acné),"gamme dermo-cosmétique anti-imperfections/acné (rayon PDF « HC-ABC » = bac alphabétique de rangement, non pertinent pour la catégorie)"
AVENE CICALFATE CREME 100ML 220693,000032202,Soins du visage,Soins ciblés (imperfections/acné),"gamme dermo-cosmétique anti-imperfections/acné (rayon PDF « HC-ABC » = bac alphabétique de rangement, non pertinent pour la catégorie)"
AVENE CLEAN COMEDOMED 30ML 239499,000032203,Soins du visage,Nettoyants visage,"mention nettoyant/démaquillant visage (rayon PDF « HC-ABC » = bac alphabétique de rangement, non pertinent pour la catégorie)"
CLAIRISSIME LAIT ECLAIR 500ML SK,000022033,Soins du corps,Soins éclaircissants / anti-taches,"mention « anti-tache / éclaircissant (ECL) / unifiant » (rayon PDF « HC-ABC » = bac alphabétique de rangement, non pertinent pour la catégorie)"
CLAIRISSIM CRM ECLAIR UBIQ 50ML,000026574,Soins du corps,Soins éclaircissants / anti-taches,"mention « anti-tache / éclaircissant (ECL) / unifiant » (rayon PDF « HC-ABC » = bac alphabétique de rangement, non pertinent pour la catégorie)"
CLAIRISSIME LAIT ECLAIR UBIQ 500ML,000022623,Soins du corps,Soins éclaircissants / anti-taches,"mention « anti-tache / éclaircissant (ECL) / unifiant » (rayon PDF « HC-ABC » = bac alphabétique de rangement, non pertinent pour la catégorie)"
AIDA(S) CRM REGUL ANTITACHE T/40ML,000021362,Soins du corps,Soins éclaircissants / anti-taches,"mention « anti-tache / éclaircissant (ECL) / unifiant » (rayon PDF « HC-ABC » = bac alphabétique de rangement, non pertinent pour la catégorie)"
CLAIRISSIM LAIT HYD ALOEVERA 500ML,000026578,Soins du corps,Soins éclaircissants / anti-taches,"mention « anti-tache / éclaircissant (ECL) / unifiant » (rayon PDF « HC-ABC » = bac alphabétique de rangement, non pertinent pour la catégorie)"
CLAIRISSIM LAIT HYD CACAO 500ML,000026580,Soins du corps,Soins éclaircissants / anti-taches,"mention « anti-tache / éclaircissant (ECL) / unifiant » (rayon PDF « HC-ABC » = bac alphabétique de rangement, non pertinent pour la catégorie)"
CLAIRISSIME LAIT HYD COCONUT 500ML,000023655,Soins du corps,Soins éclaircissants / anti-taches,"mention « anti-tache / éclaircissant (ECL) / unifiant » (rayon PDF « HC-ABC » = bac alphabétique de rangement, non pertinent pour la catégorie)"
CLAIRISSIM LAIT HYD VIT E 500ML,000026583,Soins du corps,Soins éclaircissants / anti-taches,"mention « anti-tache / éclaircissant (ECL) / unifiant » (rayon PDF « HC-ABC » = bac alphabétique de rangement, non pertinent pour la catégorie)"
AVENE XERACALM NUTRIT GEL NETT F/500ML,000032297,Soins du visage,Nettoyants visage,"mention nettoyant/démaquillant visage (rayon PDF « HC-ABC » = bac alphabétique de rangement, non pertinent pour la catégorie)"
BALMY POUF BAIN AVEC MANCHE,000032457,Accessoires,,"accessoire (coton-tige, disque démaquillant, peigne, pouf de bain) (rayon PDF « HC-ABC » = bac alphabétique de rangement, non pertinent pour la catégorie)"
BYPHASSE GEL DOUCHE DERMO MICELLAIRE ARGAN 1L,000031480,Hygiène & savons,Gels & huiles de douche,"mention « gel douche / huile de douche » (rayon PDF « HC-ABC » = bac alphabétique de rangement, non pertinent pour la catégorie)"
BIO BALANCE FLU SOLAIRE ANTI-TACHES SPF 50+40ML,000032953,Solaires,,"mention SPF/solaire/après-soleil (rayon PDF « HC-ABC » = bac alphabétique de rangement, non pertinent pour la catégorie)"
BIO BALANCE FLUSOLAIRE HYDRAS PF 50+40ML,000032954,Solaires,,"mention SPF/solaire/après-soleil (rayon PDF « HC-ABC » = bac alphabétique de rangement, non pertinent pour la catégorie)"
BIO BALANCE HC CICA VISAGE LAIT 250ML,000032955,Soins du corps,Laits & crèmes corps,"mention crème/lait/lotion/fluide (forme générique, sans autre précision) (rayon PDF « HC-ABC » = bac alphabétique de rangement, non pertinent pour la catégorie)"
CERAVE CREME HYDRATANT NUIT PM 52ML,000023770,Soins du corps,Laits & crèmes corps,"mention crème/lait/lotion/fluide (forme générique, sans autre précision) (rayon PDF « HC-ABC » = bac alphabétique de rangement, non pertinent pour la catégorie)"
CORINE DE FARM PACK BB BASIC,000032972,Bébé & maternité,,"produit/marque bébé (BB, Baby, Biolane, Babymed, Corine de Farm, lingettes) (rayon PDF « HC-ABC » = bac alphabétique de rangement, non pertinent pour la catégorie)"
CERAVE BAUME HYDRA 454G,900022904,Soins du corps,Baumes corps,"mention « baume » (corps, hors lèvres déjà classées) (rayon PDF « HC-ABC » = bac alphabétique de rangement, non pertinent pour la catégorie)"
BIO BALANCE CR SUP GLOW 3-0 ETHYLASC 5%+ACIDF1%,000032443,Soins du visage,Crèmes visage,"« CR SUP GLOW...ETHYLASC...ACIDF1% » = crème éclat à base d'acide ascorbique éthylé, format soin visage (proposition validée par le client, confiance : Moyenne)"
BIO BALANCE CR YEUX SUP HD AUCOLAGEN& VIT C20ML,000032442,Soins du visage,Contour des yeux,"« YEUX » explicitement présent dans le nom — non détecté car « CR » abrégé au lieu de « CREME/CRÈME » (proposition validée par le client, confiance : Élevée)"
BIO BALANCE SS ACID HYALURONIQ MULTI MOLECUL 30ML,000032444,Soins du visage,Sérums,"« SS ACID HYALURONIQ MULTI MOLECUL 30ML » = sérum acide hyaluronique, format 30ML typique sérum visage (proposition validée par le client, confiance : Moyenne)"
DM HUILE CLOU DE GIROFLE 60ML,000031173,Soins du corps,Huiles corps,"mention « huile » (rayon PDF « HC-DEF » = bac alphabétique de rangement, non pertinent pour la catégorie)"
DM HUIL AVOCAT BIO FL 60ML,000031710,Soins du corps,Huiles corps,"« HUIL AVOCAT BIO FL 60ML » — même gamme que « DM (D) HUILE D ARGAN 60ML » déjà classée en huile corps ; non détecté ici car « HUIL » sans le « E » final (proposition validée par le client, confiance : Moyenne)"
DERMOWHIT CREM NUIT CLARIFIANT HYD 50G,000033059,Soins du visage,Crèmes visage,"mention « visage / crème jour-nuit » (rayon PDF « HC-DEF » = bac alphabétique de rangement, non pertinent pour la catégorie)"
DUCRAY KERACNYL 50+FLUIDE CR T/50ML,000032620,Soins du visage,Soins ciblés (imperfections/acné),"gamme dermo-cosmétique anti-imperfections/acné (rayon PDF « HC-DEF » = bac alphabétique de rangement, non pertinent pour la catégorie)"
DOVE LAIT INTENSE CARE FL/400ML,000031888,Soins du corps,Laits & crèmes corps,"mention crème/lait/lotion/fluide (forme générique, sans autre précision) (rayon PDF « HC-DEF » = bac alphabétique de rangement, non pertinent pour la catégorie)"
EUCERIN CREME SOLAIRE OIL/ACNE CONTROL 50ML,000033096,Solaires,,"mention SPF/solaire/après-soleil (rayon PDF « HC-DEF » = bac alphabétique de rangement, non pertinent pour la catégorie)"
EVA CREME PIEDS,000026804,Soins du corps,Laits & crèmes corps,"mention crème/lait/lotion/fluide (forme générique, sans autre précision) (rayon PDF « HC-DEF » = bac alphabétique de rangement, non pertinent pour la catégorie)"
DOVE LAITINTENSE CARE /250ML,000026970,Soins du corps,Laits & crèmes corps,"« LAITINTENSE CARE » = « LAIT INTENSE CARE » accolé sans espace — variante 250ML du produit Dove 400ML déjà classé en lait corps (proposition validée par le client, confiance : Élevée)"
DOVE LAIT ESSENTIEL CARE/250ML,000026975,Soins du corps,Laits & crèmes corps,"mention crème/lait/lotion/fluide (forme générique, sans autre précision) (rayon PDF « HC-DEF » = bac alphabétique de rangement, non pertinent pour la catégorie)"
DEPIWHITE (S) ACM CONTOUR YEUX 15ML,000021993,Soins du visage,Contour des yeux,"mention « contour des yeux » (rayon PDF « HC-DEF » = bac alphabétique de rangement, non pertinent pour la catégorie)"
DOVE SAVON BEAUTY CRM BAR 90G,000026977,Hygiène & savons,Savons solides,"mention « savon » (rayon PDF « HC-DEF » = bac alphabétique de rangement, non pertinent pour la catégorie)"
EASY ROSE CREME DEPILATOIRE T/120ML,000031914,Rasage & dépilation,,"mention « raser / dépilatoire » (rayon PDF « HC-DEF » = bac alphabétique de rangement, non pertinent pour la catégorie)"
DEPIWHITE (S-U) LAIT CORPS •CLAI 500ML,000026819,Soins du corps,Laits & crèmes corps,"mention « lait / crème corps / lotion » (rayon PDF « HC-DEF » = bac alphabétique de rangement, non pertinent pour la catégorie)"
DOVE SAVON REFRESHING 90G,000026978,Hygiène & savons,Savons solides,"mention « savon » (rayon PDF « HC-DEF » = bac alphabétique de rangement, non pertinent pour la catégorie)"
DOVE SAVON PAMPERING 90G,000026980,Hygiène & savons,Savons solides,"mention « savon » (rayon PDF « HC-DEF » = bac alphabétique de rangement, non pertinent pour la catégorie)"
DEXERYL CRM TUBE 250G,000020829,Soins du corps,Laits & crèmes corps,"mention crème/lait/lotion/fluide (forme générique, sans autre précision) (rayon PDF « HC-DEF » = bac alphabétique de rangement, non pertinent pour la catégorie)"
DUCRAY (S) KERACNYL GEL/400ML,000023127,Soins du visage,Soins ciblés (imperfections/acné),"gamme dermo-cosmétique anti-imperfections/acné (rayon PDF « HC-DEF » = bac alphabétique de rangement, non pertinent pour la catégorie)"
DUCRAY (S-D) KERACNYL PP CRM/30ML,000023992,Soins du visage,Soins ciblés (imperfections/acné),"gamme dermo-cosmétique anti-imperfections/acné (rayon PDF « HC-DEF » = bac alphabétique de rangement, non pertinent pour la catégorie)"
DUCRAY ANAPHASE APRES SHAMP 200ML,000023750,Soins capillaires,Shampoings & après-shampoings,"mention « shampoing » (rayon PDF « HC-DEF » = bac alphabétique de rangement, non pertinent pour la catégorie)"
DM HUIL RICIN,000032087,Soins du corps,Huiles corps,"« HUIL RICIN » suit exactement le même format « DM HUIL(E) + ingrédient, 60ML » que 4 autres huiles DM déjà classées Soins du corps > Huiles corps dans ce catalogue (Clou de Girofle, Avocat Bio, Argan, Coco) — forte cohérence interne de gamme (proposition validée par le client, confiance : Moyenne)"
DM (D) HUILE D ARGAN 60ML,000026904,Soins du corps,Huiles corps,"mention « huile » (rayon PDF « HC-DEF » = bac alphabétique de rangement, non pertinent pour la catégorie)"
DM (D) HUILE DE COCO 60ML,000023574,Soins du corps,Huiles corps,"mention « huile » (rayon PDF « HC-DEF » = bac alphabétique de rangement, non pertinent pour la catégorie)"
DOVE SAVON COCONUT 90G,000031500,Hygiène & savons,Savons solides,"mention « savon » (rayon PDF « HC-DEF » = bac alphabétique de rangement, non pertinent pour la catégorie)"
DAM NATUR HUIL POUSS CHEVEUX 125MML,000023862,Soins capillaires,Huiles & soins cheveux,"mention cheveux/pousse cheveux (rayon PDF « HC-DEF » = bac alphabétique de rangement, non pertinent pour la catégorie)"
DAM NATUR HUIL POUSS RAPID BAR B30ML,000023863,Rasage & dépilation,Soins de la barbe,"« HUIL POUSS RAPID BARB30ML » = huile pousse rapide barbe, « BARB » = barbe explicite ; le produit sœur « HUIL POUSS CHEVEUX » de la même marque est déjà classé en soins capillaires (proposition validée par le client, confiance : Moyenne)"
FAIR WHITE CREME GOLD,000031508,Soins du corps,Laits & crèmes corps,"mention crème/lait/lotion/fluide (forme générique, sans autre précision) (rayon PDF « HC-DEF » = bac alphabétique de rangement, non pertinent pour la catégorie)"
BABYMED LAIT DE TOILETTE 200ML,000025948,Bébé & maternité,,"produit/marque bébé (BB, Baby, Biolane, Babymed, Corine de Farm, lingettes) (rayon PDF « HC-DIVERS »)"
FLEUR DE BAIN GM,000027782,Accessoires,,"« FLEUR DE BAIN » = accessoire de bain (pouf/éponge), cohérent avec les autres poufs de bain déjà classés en Accessoires (proposition validée par le client, confiance : Élevée)"
MINOXIDIL CPF 5% COFF 3X60ML,000028695,Soins capillaires,Traitements capillaires,mention « Minoxidil » (traitement anti-chute) (rayon PDF « HC-DIVERS »)
CERAVE LAIT HYDRATANT FL236ML,000031558,Soins du corps,Laits & crèmes corps,mention « lait / crème corps / lotion » (rayon PDF « HC-DIVERS »)
LAINO SAVON MARSEIL 150G,000028160,Hygiène & savons,Savons solides,mention « savon » (rayon PDF « HC-DIVERS »)
NEUTROGENA FORM NORV LAIT APAIS ET REPAR 250ML,000023937,Soins du corps,Laits & crèmes corps,"mention crème/lait/lotion/fluide (forme générique, sans autre précision) (rayon PDF « HC-DIVERS »)"
COFFRET BIOLANE,000031415,Bébé & maternité,,"produit/marque bébé (BB, Baby, Biolane, Babymed, Corine de Farm, lingettes) (rayon PDF « HC-DIVERS »)"
SVR SEBIACLEAR ACTIV+RENO GEL CREM 40L,000023741,Soins du visage,Soins ciblés (imperfections/acné),gamme dermo-cosmétique anti-imperfections/acné (rayon PDF « HC-DIVERS »)
COTON TIGE BB B/56,000023502,Bébé & maternité,,"produit/marque bébé (BB, Baby, Biolane, Babymed, Corine de Farm, lingettes) (rayon PDF « HC-DIVERS »)"
CICAPLAST (S) LEVRES 7.5ML,000026543,Soins du visage,Soins ciblés (imperfections/acné),gamme dermo-cosmétique anti-imperfections/acné (rayon PDF « HC-DIVERS »)
LRP EFFACLAR K+ S RENO 40ML,000028411,Soins du visage,Soins ciblés (imperfections/acné),gamme dermo-cosmétique anti-imperfections/acné (rayon PDF « HC-DIVERS »)
COTON DISQUES A DEMAQ CLEAQ S/100D,000026717,Accessoires,,"accessoire (coton-tige, disque démaquillant, peigne, pouf de bain) (rayon PDF « HC-DIVERS »)"
COTON TIGE AD,000023501,Accessoires,,"accessoire (coton-tige, disque démaquillant, peigne, pouf de bain) (rayon PDF « HC-DIVERS »)"
LAINO STICK LEVRE CIRE D'ABEILLE 4G,000031448,Soins du visage,Baumes à lèvres,mention « lèvres / baume à lèvres » (rayon PDF « HC-DIVERS »)
WILLIAMS MOUSSE A RASER SENSIBLE 200ML,000030944,Rasage & dépilation,,mention « raser / dépilatoire » (rayon PDF « HC-DIVERS »)
DM CR RAFFERMMIS ET GROSSIS FEN,000023868,Soins du corps,Raffermissants corps,"« CR RAFFERMMIS ET GROSSIS FEN » — « FEN » vraisemblablement tronqué de « FESSIER » (même famille que le produit BUM BUM raffermissant fessier), mais non certain à 100% (proposition validée par le client, confiance : Moyenne)"
EVOLUDERM CRM MAIN NOURISST BEURRE DE CACAO T/150,000027176,Soins du corps,Laits & crèmes corps,"mention crème/lait/lotion/fluide (forme générique, sans autre précision) (rayon PDF « HC-EVOL »)"
EVOLUDERM GOMMAGE EXF PECHE 150ML,000027189,Soins du corps,Gommages & exfoliants,mention « gommage / exfoliant » (rayon PDF « HC-EVOL »)
EVOLUDERM LAIT ACTION TACHE 500ML,000027194,Soins du corps,Laits & crèmes corps,"mention crème/lait/lotion/fluide (forme générique, sans autre précision) (rayon PDF « HC-EVOL »)"
EVOLUDERM LAIT EXTRA FORT 500ML,000027195,Soins du corps,Laits & crèmes corps,"mention crème/lait/lotion/fluide (forme générique, sans autre précision) (rayon PDF « HC-EVOL »)"
EVOLUDERM LAIT HYDRAT MONOI 500ML,000023467,Soins du corps,Laits & crèmes corps,mention « lait / crème corps / lotion » (rayon PDF « HC-EVOL »)
EVOLUDERM LAIT OVER BOOST 500ML,000027198,Soins du corps,Laits & crèmes corps,"mention crème/lait/lotion/fluide (forme générique, sans autre précision) (rayon PDF « HC-EVOL »)"
EVOLUDERM LAIT TRES FORT 500ML,000027200,Soins du corps,Laits & crèmes corps,"mention crème/lait/lotion/fluide (forme générique, sans autre précision) (rayon PDF « HC-EVOL »)"
EVOLUDERM MASQUE DOUX CONCOMBRE 150ML,000027202,Soins du visage,Masques visage,"« MASQUE DOUX CONCOMBRE » = masque visage au concombre, explicite (proposition validée par le client, confiance : Élevée)"
EVOLUDERM MASQUE PURIF ARGILE 150ML,000027205,Soins du visage,Masques visage,"« MASQUE PURIF ARGILE » = masque visage purifiant à l'argile, explicite (proposition validée par le client, confiance : Élevée)"
EVOLUDERM GEL DOUCHE AMANDE 500ML,000032968,Hygiène & savons,Gels & huiles de douche,mention « gel douche / huile de douche » (rayon PDF « HC-EVOL »)
EVOLUDERM GEL DOUCHE ARGAN 500ML,000032969,Hygiène & savons,Gels & huiles de douche,mention « gel douche / huile de douche » (rayon PDF « HC-EVOL »)
EVOLUDERM GEL DOUCHE HUILE PRECIEUSE 500ML,000032970,Hygiène & savons,Gels & huiles de douche,mention « gel douche / huile de douche » (rayon PDF « HC-EVOL »)
EVOLUDERM GEL DOUCHE FLEUR D'ORANGER 500ML,000032971,Hygiène & savons,Gels & huiles de douche,mention « gel douche / huile de douche » (rayon PDF « HC-EVOL »)
FRANCOISE BEDON SAVON PUISSANCE,000031538,Hygiène & savons,Savons solides,mention « savon » (rayon PDF « HC- FR BE »)
FRANCOISE BEDON SAVON ROYAL,000031539,Hygiène & savons,Savons solides,mention « savon » (rayon PDF « HC- FR BE »)
FRANCOISE BEDON CRM PUISSANCE,000031541,Soins du corps,Laits & crèmes corps,"mention crème/lait/lotion/fluide (forme générique, sans autre précision) (rayon PDF « HC- FR BE »)"
FRANCOISE BEDON CRM SUPREME,000031542,Soins du corps,Laits & crèmes corps,"mention crème/lait/lotion/fluide (forme générique, sans autre précision) (rayon PDF « HC- FR BE »)"
FRANCOISE BEDON SERUM SUPREME,000031543,Soins du visage,Sérums,mention « sérum » (rayon PDF « HC- FR BE »)
FRANCOISE BEDON SERUM ULTIME CAROTTE LUXE,000031545,Soins du visage,Sérums,mention « sérum » (rayon PDF « HC- FR BE »)
FRANCOISE BEDON CRM ULTIME GOLD OR LUXE,000031546,Soins du corps,Laits & crèmes corps,"mention crème/lait/lotion/fluide (forme générique, sans autre précision) (rayon PDF « HC- FR BE »)"
FRANCOISE BEDON LAIT ECL CAROTTE 500ML,000031562,Soins du corps,Soins éclaircissants / anti-taches,mention « anti-tache / éclaircissant (ECL) / unifiant » (rayon PDF « HC- FR BE »)
FRANCOISE BEDON LAIT ECL PUISSANCE,000031666,Soins du corps,Soins éclaircissants / anti-taches,mention « anti-tache / éclaircissant (ECL) / unifiant » (rayon PDF « HC- FR BE »)
FRANCOISE BEDON LAIT ECLA ROYAL,000031667,Soins du corps,Laits & crèmes corps,"mention crème/lait/lotion/fluide (forme générique, sans autre précision) (rayon PDF « HC- FR BE »)"
GENSKIN LOTIONHYDRVISAGE/CORPS T/225ML,000024141,Soins du corps,Laits & crèmes corps,mention « lait / crème corps / lotion » (rayon PDF « HC-GENS »)
GENSKIN CRM ECLAT NOURIS 250G,000022078,Soins du corps,Laits & crèmes corps,"mention crème/lait/lotion/fluide (forme générique, sans autre précision) (rayon PDF « HC-GENS »)"
GENSKIN CRM EMOLLIENTE 250G,000020939,Soins du corps,Laits & crèmes corps,"mention crème/lait/lotion/fluide (forme générique, sans autre précision) (rayon PDF « HC-GENS »)"
GENSKIN SAVON EXF. ALOE&KARITE/150G,000021617,Hygiène & savons,Savons solides,mention « savon » (rayon PDF « HC-GENS »)
GENSKIN SOLAIRE SPF50+ CRM 50G,000023950,Solaires,,mention SPF/solaire/après-soleil (rayon PDF « HC-GENS »)
GENSKIN(L) SAVON PUR. CHARBON/150G,000020962,Hygiène & savons,Savons solides,mention « savon » (rayon PDF « HC-GENS »)
GENSKIN LOTION HYDR VISAGE/CORPS T/450ML,000033099,Soins du corps,Laits & crèmes corps,mention « lait / crème corps / lotion » (rayon PDF « HC-GENS »)
GENSKIN EXFOL CREME VISAGE CHARBON 100G,000032737,Soins du visage,Crèmes visage,mention « visage / crème jour-nuit » (rayon PDF « HC-GENS »)
GENSKIN TACHE GEL T/25G,000021895,Soins du visage,Soins ciblés (imperfections/acné),"« TACHE GEL T/25G » = gel anti-tache format tube 25G, petit format typique d'un soin visage ciblé (proposition validée par le client, confiance : Moyenne)"
GENSIKIN NETTOY VISAG EXTRA DOUX 100G,000023870,Soins du visage,Nettoyants visage,mention nettoyant/démaquillant visage (rayon PDF « HC-GENS »)
GENSKIN TALC PDR FL 125G,000023871,Hygiène & savons,Poudres & talcs,mention « poudre / talc » (rayon PDF « HC-GENS »)
IAP BRUM CHEV& CORPS 100ML OCEAN BLISFRASCO,000033032,Parfumerie,Brumes parfumées,"« BRUM CHEV& CORPS...FRASCO » — même série que les 5 autres « IAP BRUME CHEV&CORPS » déjà classées en brumes parfumées (rayon PDF PARFUME identique) ; non détecté ici car « BRUM » sans le « E » final (proposition validée par le client, confiance : Élevée)"
IAP BRUME CHEV&CORPS 100ML GOLDEN SAMBA FRASCO,000033033,Parfumerie,,"mention EDP/EDT/brume/parfum (rayon PDF « HC-GHI » = bac alphabétique de rangement, non pertinent pour la catégorie)"
IAP BRUMECHEV&CORPS 100ML SAND GLOW FRASCO,000033034,Parfumerie,,"mention EDP/EDT/brume/parfum (rayon PDF « HC-GHI » = bac alphabétique de rangement, non pertinent pour la catégorie)"
IAP BRUME CHEV&CORPS 100MLSUNSET DREAMFRASCO,000033035,Parfumerie,,"mention EDP/EDT/brume/parfum (rayon PDF « HC-GHI » = bac alphabétique de rangement, non pertinent pour la catégorie)"
IAP BRUME CHEV& CORPS 100ML TROPIC VIBES FRASCO,000033036,Parfumerie,,"mention EDP/EDT/brume/parfum (rayon PDF « HC-GHI » = bac alphabétique de rangement, non pertinent pour la catégorie)"
IAP BRUME CHEV& CORPS 100ML VIBRANT BAHIA FRASCO,000033037,Parfumerie,,"mention EDP/EDT/brume/parfum (rayon PDF « HC-GHI » = bac alphabétique de rangement, non pertinent pour la catégorie)"
GILBERT HYFAC WOMAN EAU MICELL 200 ML,000032043,Soins du visage,Nettoyants visage,"« EAU MICELL[AIRE] 200ML » = eau micellaire, nettoyant visage explicite (proposition validée par le client, confiance : Élevée)"
GLOWMAX CR T/100G,000032614,Soins du corps,Laits & crèmes corps,Confirmé par le client (sous-catégorie normalisée « Crèmes & soins du corps »->« Laits & crèmes corps » pour correspondre aux ~130 autres produits corps déjà classés sous ce même libellé) (confiance : Moyenne)
GLOWMAX SAV/75G,000032615,Hygiène & savons,Savons solides,"« SAV/75G » = abréviation de « SAVON », format pain 75G (proposition validée par le client, confiance : Élevée)"
HUILE BAOBAB BASSARI F50ML,000021355,Soins du corps,Huiles corps,"mention « huile » (rayon PDF « HC-GHI » = bac alphabétique de rangement, non pertinent pour la catégorie)"
GILBERT HYFAC CREM LEGERE 40L,000032041,Soins du corps,Laits & crèmes corps,"mention crème/lait/lotion/fluide (forme générique, sans autre précision) (rayon PDF « HC-GHI » = bac alphabétique de rangement, non pertinent pour la catégorie)"
GILBERT HYFAC SOIN GLOBAL 40MML,000032042,Soins du visage,Soins ciblés (imperfections/acné),"gamme « HYFAC » (avec le produit sœur « HYFAC WOMAN EAU MICELLAIRE » de la même marque, nettoyant visage) — soin visage probable mais « SOIN GLOBAL » reste générique (proposition validée par le client, confiance : Moyenne)"
ICTYANE DUCRAY ECLAT LAIT /400ML,000027932,Soins du corps,Laits & crèmes corps,"mention crème/lait/lotion/fluide (forme générique, sans autre précision) (rayon PDF « HC-GHI » = bac alphabétique de rangement, non pertinent pour la catégorie)"
GILBERT PARASIDOSE PEIGNE FINDENTS LON GUES,000023873,Soins capillaires,Anti-poux,"mention « poux / lentes » (rayon PDF « HC-GHI » = bac alphabétique de rangement, non pertinent pour la catégorie)"
KL BB PACK LAIT +PEIT BRAIN+LINGETT+SAV OFF,000032647,Bébé & maternité,,"produit/marque bébé (BB, Baby, Biolane, Babymed, Corine de Farm, lingettes) (rayon PDF « HC-JKL » = bac alphabétique de rangement, non pertinent pour la catégorie)"
LAIT VALDA HUILE DE BAOBAB F/250ML,000022767,Soins du corps,Huiles corps,"mention « huile » (rayon PDF « HC-JKL » = bac alphabétique de rangement, non pertinent pour la catégorie)"
SHIELD LINGETTES,000032841,Bébé & maternité,,"produit/marque bébé (BB, Baby, Biolane, Babymed, Corine de Farm, lingettes) (rayon PDF « HC-JKL » = bac alphabétique de rangement, non pertinent pour la catégorie)"
SHIELD LOTION 200ML,000032842,Soins du corps,Laits & crèmes corps,"mention « lait / crème corps / lotion » (rayon PDF « HC-JKL » = bac alphabétique de rangement, non pertinent pour la catégorie)"
KLORANE BB LAIT DE TOIL. 750ML,000021492,Bébé & maternité,,"produit/marque bébé (BB, Baby, Biolane, Babymed, Corine de Farm, lingettes) (rayon PDF « HC-JKL » = bac alphabétique de rangement, non pertinent pour la catégorie)"
KL BB (S) SAVON SURGRAS PAIN 250G,000024325,Bébé & maternité,,"produit/marque bébé (BB, Baby, Biolane, Babymed, Corine de Farm, lingettes) (rayon PDF « HC-JKL » = bac alphabétique de rangement, non pertinent pour la catégorie)"
JANYS LINE CREME ECLAICISSANTE 50ML,000031496,Soins du corps,Laits & crèmes corps,"mention crème/lait/lotion/fluide (forme générique, sans autre précision) (rayon PDF « HC-JKL » = bac alphabétique de rangement, non pertinent pour la catégorie)"
KLORANE BB LINGETTE +PAISSE NETT/70,000028094,Bébé & maternité,,"produit/marque bébé (BB, Baby, Biolane, Babymed, Corine de Farm, lingettes) (rayon PDF « HC-JKL » = bac alphabétique de rangement, non pertinent pour la catégorie)"
LAINO (D) ARGILE VERTE SURF PDR 300G,000028150,Soins du visage,Masques visage,Confirmé par le client (sous-catégorie normalisée « Masques / Argile »->« Masques visage » pour correspondre aux 2 produits Evoluderm déjà classés sous ce même libellé) (confiance : Élevée)
LAINO (S) LAIT NUTRI OLIVE 400ML,000028151,Soins du corps,Laits & crèmes corps,"mention crème/lait/lotion/fluide (forme générique, sans autre précision) (rayon PDF « HC-LAINO »)"
LAINO (S) SAVON SOUFRE PAIN 150G,000022943,Hygiène & savons,Savons solides,mention « savon » (rayon PDF « HC-LAINO »)
LAINO (S) STICK LEVRE POMME/4G,000021494,Soins du visage,Baumes à lèvres,mention « lèvres / baume à lèvres » (rayon PDF « HC-LAINO »)
LAINO ARGILE VERTE TUBE 350G,000023018,Soins du visage,Masques visage,Confirmé par le client (sous-catégorie normalisée « Masques / Argile »->« Masques visage » pour correspondre aux 2 produits Evoluderm déjà classés sous ce même libellé) (confiance : Élevée)
LAINO STICK LEVRE FRAMBOISE T/4G,000028166,Soins du visage,Baumes à lèvres,mention « lèvres / baume à lèvres » (rayon PDF « HC-LAINO »)
LAINO STICK LEVRE VANILLE T/4G,000022174,Soins du visage,Baumes à lèvres,mention « lèvres / baume à lèvres » (rayon PDF « HC-LAINO »)
LAINO HYDRATANT AMANDE DOUCE FL400ML,000032060,Soins du corps,Laits & crèmes corps,"« HYDRATANT AMANDE DOUCE FL400ML » — flacon 400ML, format habituellement réservé aux laits corps plutôt qu'aux soins visage (petits formats) (proposition validée par le client, confiance : Moyenne)"
CARMEX BAUME LEVRE POT/7.5G,000026432,Soins du visage,Baumes à lèvres,mention « lèvres / baume à lèvres » (rayon PDF « HC-LIPO »)
BLISTEX LIP MEDEX BAUME P/7G,000026267,Soins du visage,Baumes à lèvres,mention « lèvres / baume à lèvres » (rayon PDF « HC-LIPO »)
ANTHELIOS UVMUNE 400 SPF 50+ FLUIDE ANTI TACHES,000033009,Solaires,,mention SPF/solaire/après-soleil (rayon PDF « HC-LRP »)
EFFACLAR GEL PURIF M PEEL200ML,000032719,Soins du visage,Soins ciblés (imperfections/acné),gamme dermo-cosmétique anti-imperfections/acné (rayon PDF « HC-LRP »)
RELAX PATCH DOULEUR MENSTRUEL BT3,000033190,Hygiène & bien-être,Patchs,mention « patch » (rayon PDF « HC-LRP »)
LRP (S) EFFACLAR DUO+ CRM 40ML,000021772,Soins du visage,Soins ciblés (imperfections/acné),gamme dermo-cosmétique anti-imperfections/acné (rayon PDF « HC-LRP »)
LRP (S-D) EFFACLAR H HYD-APAIS/40ML,000028400,Soins du visage,Soins ciblés (imperfections/acné),gamme dermo-cosmétique anti-imperfections/acné (rayon PDF « HC-LRP »)
LRP (S-D) LIPIKAR LAIT CORPS 400ML,000022625,Soins du corps,Laits & crèmes corps,mention « lait / crème corps / lotion » (rayon PDF « HC-LRP »)
LRP (S-D) EFFACLAR DUO+ SPF30 40ML,000022794,Solaires,,mention SPF/solaire/après-soleil (rayon PDF « HC-LRP »)
LRP ANTHELIOS UVMUNE400 CRM 50ML EX SHAKA,000021499,Solaires,,mention SPF/solaire/après-soleil (rayon PDF « HC-LRP »)
LRP EFFACLAR (U) GEL MOUSS PURIF 400ML,000021500,Soins du visage,Nettoyants visage,mention nettoyant/démaquillant visage (rayon PDF « HC-LRP »)
LRP EFFACLAR GEL MOUSS PURIF 200ML,000024074,Soins du visage,Nettoyants visage,mention nettoyant/démaquillant visage (rayon PDF « HC-LRP »)
LRP EFFACLAR LOTION ASTR. 200ML,000023546,Soins du visage,Soins ciblés (imperfections/acné),gamme dermo-cosmétique anti-imperfections/acné (rayon PDF « HC-LRP »)
LRP EFFACLAR DUO+ SERUM 30ML,000031087,Soins du visage,Soins ciblés (imperfections/acné),gamme dermo-cosmétique anti-imperfections/acné (rayon PDF « HC-LRP »)
LRP LIPIKAR BAUME AP+ 200ML,000028419,Soins du corps,Laits & crèmes corps,mention « lait / crème corps / lotion » (rayon PDF « HC-LRP »)
LRP LIPIKAR GEL LAVANT 400ML,000028425,Soins du corps,Laits & crèmes corps,mention « lait / crème corps / lotion » (rayon PDF « HC-LRP »)
LRP LIPIKAR SAV SURG PAIN/150G (S-D),000022517,Soins du corps,Laits & crèmes corps,mention « lait / crème corps / lotion » (rayon PDF « HC-LRP »)
LRP LIPIKAR SYNDET AP+ CRM LAV. 400ML,000028432,Soins du corps,Laits & crèmes corps,mention « lait / crème corps / lotion » (rayon PDF « HC-LRP »)
LRP LIPIKAR LAIT UREA 400ML EXISO UREA,000031863,Soins du corps,Laits & crèmes corps,mention « lait / crème corps / lotion » (rayon PDF « HC-LRP »)
MAYANA CREME GOMMANTE EXFOLIANTE,000032534,Soins du corps,Gommages & exfoliants,mention « gommage / exfoliant » (rayon PDF « HC-MAYA »)
CREME SOLAIRE MAYANA SPF 50,000032672,Solaires,,mention SPF/solaire/après-soleil (rayon PDF « HC-MAYA »)
MAYANA ANTI ACNE SAV,000022694,Soins du visage,Soins ciblés (imperfections/acné),gamme dermo-cosmétique anti-imperfections/acné (rayon PDF « HC-MAYA »)
MAYANA LAIT DE CORPS UNIFIANT FL/500ML,000022698,Soins du corps,Soins éclaircissants / anti-taches,mention « anti-tache / éclaircissant (ECL) / unifiant » (rayon PDF « HC-MAYA »)
MAYANA SAVON ANTI TACHE 225GRS,000022695,Hygiène & savons,Savons solides,mention « savon » (rayon PDF « HC-MAYA »)
MAYANA SAVON ALOE VERA 225GRS,000022696,Hygiène & savons,Savons solides,mention « savon » (rayon PDF « HC-MAYA »)
MAYANA SAVON AU BEURRE DE KARITE 225GRS,000022697,Hygiène & savons,Savons solides,mention « savon » (rayon PDF « HC-MAYA »)
MAYANA SERUM ANTITACHE 30ML,000023424,Soins du visage,Sérums,mention « sérum » (rayon PDF « HC-MAYA »)
MAYANA EAU MICELLAIRE,000023425,Soins du visage,Nettoyants visage,"« EAU MICELLAIRE » = nettoyant visage explicite (proposition validée par le client, confiance : Élevée)"
MAYANA LAIT RADIANCE FL/500ML,000032258,Soins du corps,Laits & crèmes corps,"mention crème/lait/lotion/fluide (forme générique, sans autre précision) (rayon PDF « HC-MAYA »)"
MAYANA LAIT CLARIFIANT FL/500ML,000032259,Soins du corps,Soins éclaircissants / anti-taches,mention « anti-tache / éclaircissant (ECL) / unifiant » (rayon PDF « HC-MAYA »)
MAYANA GEL GOMMANT EXFOLIANT FL/500ML,000032260,Soins du corps,Gommages & exfoliants,mention « gommage / exfoliant » (rayon PDF « HC-MAYA »)
MAYANA 100 J'ADORE FL/50ML,000032264,Parfumerie,Eaux de parfum / toilette,"« 100 J'ADORE FL/50ML » — numérotation de parfum + flacon 50ML, même logique que la série IAP (parfums génériques inspirés de références connues) (proposition validée par le client, confiance : Élevée)"
MAYANA 200 BLEU CH FL/50ML,000032266,Parfumerie,Eaux de parfum / toilette,"« 200 BLEU CH FL/50ML » — numérotation de parfum + flacon 50ML, même logique que le produit voisin (proposition validée par le client, confiance : Élevée)"
MAYANA CREME VISAGE JOUR ET NUIT,000022700,Soins du visage,Crèmes visage,mention « visage / crème jour-nuit » (rayon PDF « HC-MAYA »)
MAYANA HUILE NOURRISSANTE 125ML,000022699,Soins du corps,Huiles corps,mention « huile » (rayon PDF « HC-MAYA »)
MIXA HUILE ANTI VERGETURES 100ML,000033095,Soins du corps,Anti-vergetures,mention « vergetures » (rayon PDF « HC-MIXA »)
MIXA SERUM CONCENTRE ANTI-TACHES 30ML,000033215,Soins du visage,Sérums,mention « sérum » (rayon PDF « HC-MIXA »)
MIXA SERUM CONCENTRE ANT-IMPERFECTIONS 30ML,000033216,Soins du visage,Sérums,mention « sérum » (rayon PDF « HC-MIXA »)
MIXA 10 EN 1 CICA REPAIR + 150ML,000033217,Soins du corps,Laits & crèmes corps,"gamme « CICA REPAIR » — les 2 autres produits Mixa Cica Repair (crème pot 400ML, lait 250ML) sont déjà classés en soins corps ; ce format « 10 en 1 » appartient à la même gamme (proposition validée par le client, confiance : Élevée)"
MIXA CREME CICA REPAIR POT 400ML,000032868,Soins du corps,Laits & crèmes corps,"mention crème/lait/lotion/fluide (forme générique, sans autre précision) (rayon PDF « HC-MIXA »)"
MIXA CREME NIACINAMIDE POT 400ML,000032869,Soins du corps,Laits & crèmes corps,"mention crème/lait/lotion/fluide (forme générique, sans autre précision) (rayon PDF « HC-MIXA »)"
MIXA LAIT CICA REPAIR 250ML,000032870,Soins du corps,Laits & crèmes corps,"mention crème/lait/lotion/fluide (forme générique, sans autre précision) (rayon PDF « HC-MIXA »)"
MIXA LAIT NIACINAMIDE 250ML,000032871,Soins du corps,Laits & crèmes corps,"mention crème/lait/lotion/fluide (forme générique, sans autre précision) (rayon PDF « HC-MIXA »)"
MIXA NETTOYANT CONFORT ANTI-TERNE 150ML,000032976,Soins du visage,Nettoyants visage,"« NETTOYANT CONFORT ANTI-TERNE 150ML » — mot « NETTOYANT » explicite, format 150ML typique d'un nettoyant visage (proposition validée par le client, confiance : Élevée)"
MIXA NETTOYANT CONFORT ANTI-SECHERESSE 150ML,000032978,Soins du visage,Nettoyants visage,"« NETTOYANT CONFORT ANTI-SECHERESSE 150ML » — même gamme que le produit voisin, mot « NETTOYANT » explicite (proposition validée par le client, confiance : Élevée)"
MKL GEL DOUCH LAIT D'ANNESS GERS,000023723,Hygiène & savons,Gels & huiles de douche,mention « gel douche / huile de douche » (rayon PDF « HC-MKL »)
MKL GEL DOUCH MONOI TAHITI,000023724,Hygiène & savons,Gels & huiles de douche,mention « gel douche / huile de douche » (rayon PDF « HC-MKL »)
MKL GEL DOUCH BIO ARGAN 1L,000023721,Hygiène & savons,Gels & huiles de douche,mention « gel douche / huile de douche » (rayon PDF « HC-MKL »)
MKL HUIL CORPS ALOE VERA BIO 200ML,000023726,Soins du corps,Huiles corps,"« HUIL CORPS ALOE VERA BIO 200ML » — mot « CORPS » explicitement présent ; non détecté ici car « HUIL » sans le « E » final (proposition validée par le client, confiance : Élevée)"
MKL GEL DOUCH NOIX COCO SS SAV,000023725,Hygiène & savons,Gels & huiles de douche,mention « gel douche / huile de douche » (rayon PDF « HC-MKL »)
MKL CREM MAIN BIO COCO 50ML,000023715,Soins du corps,Laits & crèmes corps,"mention crème/lait/lotion/fluide (forme générique, sans autre précision) (rayon PDF « HC-MKL »)"
MKL BAUM LEVRE BIO CITRON 4G,000032895,Soins du visage,Baumes à lèvres,mention « lèvres / baume à lèvres » (rayon PDF « HC-MKL »)
MKL BAUM LEVRE BIO COCO 4G,000032896,Soins du visage,Baumes à lèvres,mention « lèvres / baume à lèvres » (rayon PDF « HC-MKL »)
MKL BAUM LRVRE BIO KARITE 4G,000032898,Soins du visage,Baumes à lèvres,coquille source « LRVRE » = lèvre — cohérence avec le reste de la gamme MKL baumes lèvres (mêmes réf. 4G)
MKL BAUM LEVRE BIO NEUTRE 4G,000032897,Soins du visage,Baumes à lèvres,mention « lèvres / baume à lèvres » (rayon PDF « HC-MKL »)
MKL CREM MAIN BIO ABRICOT 50ML,000032899,Soins du corps,Laits & crèmes corps,"mention crème/lait/lotion/fluide (forme générique, sans autre précision) (rayon PDF « HC-MKL »)"
MKL CREM VISAGE ANTI RIDES LAIT D.ANNES BIOO,000023716,Soins du visage,Crèmes visage,mention « visage / crème jour-nuit » (rayon PDF « HC-MKL »)
MARIE ROSE SHAMP ANTI PPOUX&LENTE 125ML,000022856,Soins capillaires,Anti-poux,"mention « poux / lentes » (rayon PDF « HC-MNO » = bac alphabétique de rangement, non pertinent pour la catégorie)"
NEUTRAD (S-D) SAVON SURGRAS 200G LOT/3 CH,000032686,Hygiène & savons,Savons solides,"mention « savon » (rayon PDF « HC-MNO » = bac alphabétique de rangement, non pertinent pour la catégorie)"
MALIBU LOTION LAIT SOLAIRE SPF 20 FL/200ML,000031907,Solaires,,"mention SPF/solaire/après-soleil (rayon PDF « HC-MNO » = bac alphabétique de rangement, non pertinent pour la catégorie)"
MALIBU LOTION SOLAIRE SPF 30 FL/200ML,000031906,Solaires,,"mention SPF/solaire/après-soleil (rayon PDF « HC-MNO » = bac alphabétique de rangement, non pertinent pour la catégorie)"
MALIBU LOTION LAIT SPF 30 SPRAY FL/200ML,000031908,Solaires,,"mention SPF/solaire/après-soleil (rayon PDF « HC-MNO » = bac alphabétique de rangement, non pertinent pour la catégorie)"
MDL SAVON VEGETAL ANTI ACNE 150G,000022744,Hygiène & savons,Savons solides,"mention « savon » (rayon PDF « HC-MNO » = bac alphabétique de rangement, non pertinent pour la catégorie)"
MDL SAVON VEGETAL ANTISEPTIQUE 150G,000021502,Hygiène & savons,Savons solides,"mention « savon » (rayon PDF « HC-MNO » = bac alphabétique de rangement, non pertinent pour la catégorie)"
NEUTROGENA CALME CURCUMA BRUME 1APAIS SPRAY 125ML,000032299,Parfumerie,,"mention EDP/EDT/brume/parfum (rayon PDF « HC-MNO » = bac alphabétique de rangement, non pertinent pour la catégorie)"
NEUTROGENA DEEP CLEAN GEL EXFOLIANT 150ML,000032301,Soins du visage,Nettoyants visage,"mention nettoyant/démaquillant visage (rayon PDF « HC-MNO » = bac alphabétique de rangement, non pertinent pour la catégorie)"
MALIBU LAIT APRES SOLEIL SPRAY FL/200ML,000031909,Solaires,,"mention SPF/solaire/après-soleil (rayon PDF « HC-MNO » = bac alphabétique de rangement, non pertinent pour la catégorie)"
NEUTROGENA GEL EXFOLIANT ANTIBRIL CIT VERT 150ML,000032305,Soins du corps,Gommages & exfoliants,"mention « gommage / exfoliant » (rayon PDF « HC-MNO » = bac alphabétique de rangement, non pertinent pour la catégorie)"
OXYPROLANE LAIT DE CORPS 500ML,000032979,Soins du corps,Laits & crèmes corps,"mention « lait / crème corps / lotion » (rayon PDF « HC-MNO » = bac alphabétique de rangement, non pertinent pour la catégorie)"
OXYPROLANE SAVON ECLAT DU TEINT 220G,000032980,Hygiène & savons,Savons solides,"mention « savon » (rayon PDF « HC-MNO » = bac alphabétique de rangement, non pertinent pour la catégorie)"
NIVEA LAIT PERFECT ET RADIANT FL/400ML,000031883,Soins du corps,Laits & crèmes corps,"mention crème/lait/lotion/fluide (forme générique, sans autre précision) (rayon PDF « HC-NIVEA »)"
NIVEA LABELLO FRAISE STICK 4.8G,000032774,Soins du visage,Baumes à lèvres,"« LABELLO...STICK 4.8G » — Labello est une gamme de soins des lèvres, format stick classique (proposition validée par le client, confiance : Élevée)"
NIVEA LAIT NATURAL GLOW FL/250ML,000031886,Soins du corps,Laits & crèmes corps,"mention crème/lait/lotion/fluide (forme générique, sans autre précision) (rayon PDF « HC-NIVEA »)"
NIVEA GEL ANTI BLEMISH,000031476,Soins du visage,Soins ciblés (imperfections/acné),"« GEL ANTI BLEMISH » = gel anti-imperfections, traitement ciblé habituellement visage (proposition validée par le client, confiance : Moyenne)"
NIVEA DEMAQILLANT DOUX 125ML,000031315,Soins du visage,Nettoyants visage,mention nettoyant/démaquillant visage (rayon PDF « HC-NIVEA »)
NIVEA DEMAQILLANT YEUX 125ML,000031316,Soins du visage,Nettoyants visage,mention nettoyant/démaquillant visage (rayon PDF « HC-NIVEA »)
NIVEA GEL NET FRAICHEUR PM,000031322,Soins du visage,Nettoyants visage,mention nettoyant/démaquillant visage (rayon PDF « HC-NIVEA »)
NIVEA LAIT DEMAQ VISAGE ET YEUX200ML,000031326,Soins du visage,Nettoyants visage,mention nettoyant/démaquillant visage (rayon PDF « HC-NIVEA »)
POUXIT (S) XF LOT POUX&LENTES/100ML,000022732,Soins capillaires,Anti-poux,"mention « poux / lentes » (rayon PDF « HC-PQR » = bac alphabétique de rangement, non pertinent pour la catégorie)"
PARASIDOSE SOIN TRAITANT F/100ML,000029428,Soins capillaires,Anti-poux,"mention « poux / lentes » (rayon PDF « HC-PQR » = bac alphabétique de rangement, non pertinent pour la catégorie)"
PETIT OL CHVX SECS OLIV/KAR/ARG SH250ML,000032775,Soins capillaires,Huiles & soins cheveux,"mention cheveux/pousse cheveux (rayon PDF « HC-PQR » = bac alphabétique de rangement, non pertinent pour la catégorie)"
SHIELD POUDRE 200G,000032843,Hygiène & savons,Poudres & talcs,"mention « poudre / talc » (rayon PDF « HC-PQR » = bac alphabétique de rangement, non pertinent pour la catégorie)"
PARA SPRAY ENVIRONN POUX 250ML,000031773,Soins capillaires,Anti-poux,"mention « poux / lentes » (rayon PDF « HC-PQR » = bac alphabétique de rangement, non pertinent pour la catégorie)"
PALMA SAVON FLEUR D'ORANGER 100G,000029383,Hygiène & savons,Savons solides,"mention « savon » (rayon PDF « HC-PQR » = bac alphabétique de rangement, non pertinent pour la catégorie)"
SIVODERM LOTION ANTI ACNE,000031520,Soins du visage,Soins ciblés (imperfections/acné),"gamme dermo-cosmétique anti-imperfections/acné (rayon PDF « HC-STU » = bac alphabétique de rangement, non pertinent pour la catégorie)"
SAVON DE MARSEILLE AMANDE DOUCE 4 X 200GRS,000031357,Hygiène & savons,Savons solides,"mention « savon » (rayon PDF « HC-STU » = bac alphabétique de rangement, non pertinent pour la catégorie)"
SAVON DE MARSEILLE GLYCERINE 4 X 200 GRS,000031358,Hygiène & savons,Savons solides,"mention « savon » (rayon PDF « HC-STU » = bac alphabétique de rangement, non pertinent pour la catégorie)"
SVR SEBIACLEA CRM SPF50/40ML,000023742,Solaires,,"mention SPF/solaire/après-soleil (rayon PDF « HC-STU » = bac alphabétique de rangement, non pertinent pour la catégorie)"
SAVON PETIT MARSEILLE OLIVE 4X100G,000031360,Hygiène & savons,Savons solides,"mention « savon » (rayon PDF « HC-STU » = bac alphabétique de rangement, non pertinent pour la catégorie)"
SEBIONEX GEL MOUS PURIF 200ML,000029980,Soins du visage,Soins ciblés (imperfections/acné),"gamme dermo-cosmétique anti-imperfections/acné (rayon PDF « HC-STU » = bac alphabétique de rangement, non pertinent pour la catégorie)"
SEBIONEX HYDRA CRM/40ML,000021562,Soins du visage,Soins ciblés (imperfections/acné),"gamme dermo-cosmétique anti-imperfections/acné (rayon PDF « HC-STU » = bac alphabétique de rangement, non pertinent pour la catégorie)"
SIVODERM GEL LAVANT EXPERT,000031573,Soins du visage,Nettoyants visage,"« GEL LAVANT EXPERT » — gamme Sivoderm (soins anti-acné), gel lavant généralement utilisé en nettoyant visage (proposition validée par le client, confiance : Moyenne)"
SIVODERM SAVON EXPERT,000031575,Hygiène & savons,Savons solides,"mention « savon » (rayon PDF « HC-STU » = bac alphabétique de rangement, non pertinent pour la catégorie)"
SVR DENTISIUM CR RICHE 50ML,000023740,Soins du visage,Crèmes visage,"appartient à la même sous-gamme SVR Dentisium que « SVR DENTISIUM CONTOUR YEUX 15ML » (code-barres voisin 000023739), déjà classé Soins du visage > Contour des yeux — crème riche 50ML vraisemblablement le soin visage complémentaire (proposition validée par le client, confiance : Moyenne)"
SVR DENTISIUM CONTOUR YEUX 15ML,000023739,Soins du visage,Contour des yeux,"mention « contour des yeux » (rayon PDF « HC-STU » = bac alphabétique de rangement, non pertinent pour la catégorie)"
SENSITELIAL (S) SOIN EMOL/500ML,000030024,Soins du corps,Laits & crèmes corps,"« SOIN EMOL[LIENT]/500ML » — grand format 500ML, cohérent avec un soin émollient corps plutôt qu'un soin visage (proposition validée par le client, confiance : Moyenne)"
SHIELD HUILE 200ML,000032840,Soins du corps,Huiles corps,"mention « huile » (rayon PDF « HC-STU » = bac alphabétique de rangement, non pertinent pour la catégorie)"
SHIELD SHAMPOING 200ML,000032844,Soins capillaires,Shampoings & après-shampoings,"mention « shampoing » (rayon PDF « HC-STU » = bac alphabétique de rangement, non pertinent pour la catégorie)"
SEBIONEX TRIO ANTI IMP CR T/40ML,000022049,Soins du visage,Soins ciblés (imperfections/acné),"gamme dermo-cosmétique anti-imperfections/acné (rayon PDF « HC-STU » = bac alphabétique de rangement, non pertinent pour la catégorie)"
TOPICREM MELA LAIT UNIF 200ML,000032550,Soins du corps,Soins éclaircissants / anti-taches,mention « anti-tache / éclaircissant (ECL) / unifiant » (rayon PDF « HC-TOPIC »)
TOPICREM ULTRA HYDR HUILE DOUCE F/1L,000032046,Soins du corps,Huiles corps,mention « huile » (rayon PDF « HC-TOPIC »)
TOPICREM MELA SERUM INT ANTITACCHE ECLAT 30ML,000025527,Soins du visage,Sérums,mention « sérum » (rayon PDF « HC-TOPIC »)
TOPICREM PACK MELA ROUTINE VISAGE 3PCS,000032820,Soins du visage,Crèmes visage,mention « visage / crème jour-nuit » (rayon PDF « HC-TOPIC »)
TOPICREM (S) CICA CRM REPAR 40ML,000030530,Soins du corps,Laits & crèmes corps,"mention crème/lait/lotion/fluide (forme générique, sans autre précision) (rayon PDF « HC-TOPIC »)"
TOPICREM (S) EMULS CORPS ULT HYD 500ML,000030531,Soins du corps,Laits & crèmes corps,"« EMULS CORPS ULT HYD 500ML » — mot « CORPS » explicitement présent (proposition validée par le client, confiance : Élevée)"
TOPICREM (S) MELA PAIN EXF. 150G,000023037,Soins du corps,Gommages & exfoliants,mention « gommage / exfoliant » (rayon PDF « HC-TOPIC »)
TOPICREM (S) DA BAUME EMOL VIS&CORP 500ML,000030533,Soins du corps,Baumes corps,"mention « baume » (corps, hors lèvres déjà classées) (rayon PDF « HC-TOPIC »)"
TOPICREM AC CRM COMP. 40ML,000024157,Soins du corps,Laits & crèmes corps,"mention crème/lait/lotion/fluide (forme générique, sans autre précision) (rayon PDF « HC-TOPIC »)"
TOPICREM AC GEL NET PURIF 200ML,000030534,Soins du visage,Nettoyants visage,mention nettoyant/démaquillant visage (rayon PDF « HC-TOPIC »)
TOPICREM AC GEL NET PURIF 400ML,000022489,Soins du visage,Nettoyants visage,mention nettoyant/démaquillant visage (rayon PDF « HC-TOPIC »)
TOPICREM BB LAIT HYDRAT 500ML,000030539,Bébé & maternité,,"produit/marque bébé (BB, Baby, Biolane, Babymed, Corine de Farm, lingettes) (rayon PDF « HC-TOPIC »)"
TOPICREM GEL NETT DOUCH F/500ML,000024017,Soins du visage,Nettoyants visage,mention nettoyant/démaquillant visage (rayon PDF « HC-TOPIC »)
TOPICREM LAIT ULT HYD DUO 2X500ML (D),000021582,Soins du corps,Laits & crèmes corps,"mention crème/lait/lotion/fluide (forme générique, sans autre précision) (rayon PDF « HC-TOPIC »)"
TOPICREM MELA CRM NUIT 40ML,000030555,Soins du corps,Laits & crèmes corps,"mention crème/lait/lotion/fluide (forme générique, sans autre précision) (rayon PDF « HC-TOPIC »)"
TOPICREM STICK LEVRE ULT HYD 4G,000022805,Soins du visage,Baumes à lèvres,mention « lèvres / baume à lèvres » (rayon PDF « HC-TOPIC »)
URIAGE CRM MAIN T/50ML,000030706,Soins du corps,Laits & crèmes corps,"mention crème/lait/lotion/fluide (forme générique, sans autre précision) (rayon PDF « HC-URIAG »)"
URIAGE GEL SURGRAS DERMATO 500ML (S),000030709,Hygiène & savons,Gels & huiles de douche,"« GEL SURGRAS DERMATO 500ML » — grand format 500ML typique d'un gel lavant corps/famille plutôt que d'un soin visage ciblé (proposition validée par le client, confiance : Moyenne)"
URIAGE GYN-PHY GEL INT./200ML,000030710,Hygiène & savons,Hygiène intime,"« GYN-PHY GEL INT./200ML » — « GYN » et « INT. » (intime) explicites, gel d'hygiène intime (proposition validée par le client, confiance : Élevée)"
URIAGE HYSEAC 3-REGUL CRM/40ML (S),000030711,Soins du corps,Laits & crèmes corps,"mention crème/lait/lotion/fluide (forme générique, sans autre précision) (rayon PDF « HC-URIAG »)"
URIAGE LAIT VELOUTE CORPS 500ML (S),000030717,Soins du corps,Laits & crèmes corps,"mention crème/lait/lotion/fluide (forme générique, sans autre précision) (rayon PDF « HC-URIAG »)"
URIAGE STICK LEVRES TB 4G,000030718,Soins du visage,Baumes à lèvres,mention « lèvres / baume à lèvres » (rayon PDF « HC-URIAG »)
URIAGE DEO PUIS 3ROLL ON 50ML,000032242,Déodorants,,mention « déo / roll-on » (rayon PDF « HC-URIAG »)
URIAGE XEMOSE BAUE OLEO EX LAIT 500ML,000032246,Soins du corps,Laits & crèmes corps,mention « lait / crème corps / lotion » (rayon PDF « HC-URIAG »)
URIAGE 1ER LAIT HYDR VIS/ CORP FL500ML,000032250,Soins du corps,Laits & crèmes corps,"mention crème/lait/lotion/fluide (forme générique, sans autre précision) (rayon PDF « HC-URIAG »)"
URIAGE HYSEAC FLUIDE SPF50+ 50ML,000031167,Solaires,,mention SPF/solaire/après-soleil (rayon PDF « HC-URIAG »)
VIDOXA LAIT HYDRATANT UNIFIANT - 400ML,000032561,Soins du corps,Soins éclaircissants / anti-taches,mention « anti-tache / éclaircissant (ECL) / unifiant » (rayon PDF « HC-VIDOX »)
VIDOXA SERUM ANTI TACHES - 30ML,000032562,Soins du visage,Sérums,mention « sérum » (rayon PDF « HC-VIDOX »)
VIDOXA CREME NUIT REGENERANT UNIFIANT - 30ML,000032565,Soins du visage,Crèmes visage,mention « visage / crème jour-nuit » (rayon PDF « HC-VIDOX »)
VIDOXA ANTI IMPERFECTIONS - 30ML,000032566,Soins du visage,Soins ciblés (imperfections/acné),gamme dermo-cosmétique anti-imperfections/acné (rayon PDF « HC-VIDOX »)
VIDOXA SAVON EXFOLIANT - 200G,000032567,Hygiène & savons,Savons solides,mention « savon » (rayon PDF « HC-VIDOX »)
VIDOXA FLUIDE JOUR/30ML,000030857,Soins du corps,Laits & crèmes corps,"mention crème/lait/lotion/fluide (forme générique, sans autre précision) (rayon PDF « HC-VIDOX »)"
VEGEBOM (S-D) SAV PURIF PAIN 100G,000030795,Hygiène & savons,Savons solides,"« SAV PURIF PAIN 100G » — « SAV » = savon, « PAIN » = format pain, explicite (proposition validée par le client, confiance : Élevée)"
VEGEBOM SAV SURGRAS 100G,000030803,Hygiène & savons,Savons solides,"« SAV SURGRAS 100G » — « SAV » = savon, format pain 100G, explicite (proposition validée par le client, confiance : Élevée)"
VASELINE LAIT COCOA GLOW FL/400ML,000031891,Soins du corps,Laits & crèmes corps,"mention crème/lait/lotion/fluide (forme générique, sans autre précision) (rayon PDF « HC-VWX » = bac alphabétique de rangement, non pertinent pour la catégorie)"
VERGETEX CR ANTI VERGETURE T/100G,000032409,Soins du corps,Anti-vergetures,"mention « vergetures » (rayon PDF « HC-VWX » = bac alphabétique de rangement, non pertinent pour la catégorie)"
SHIELD VASELINE 100ML,000032848,Soins du corps,Baumes corps,"« VASELINE 100ML » — gelée de vaseline, protecteur cutané corps d'usage général (proposition validée par le client, confiance : Élevée)"
WILLIAMS GEL A RASER 3JOURS 200ML,000030941,Rasage & dépilation,,"mention « raser / dépilatoire » (rayon PDF « HC-VWX » = bac alphabétique de rangement, non pertinent pour la catégorie)"
VALDA LAIT ADOUC BEURRE DE KARITE 250ML,000021623,Soins du corps,Laits & crèmes corps,"mention crème/lait/lotion/fluide (forme générique, sans autre précision) (rayon PDF « HC-VWX » = bac alphabétique de rangement, non pertinent pour la catégorie)"
IAP EDP NX23 FL/150ML BURBERRY PARFUM,000031517,Parfumerie,,mention EDP/EDT/brume/parfum (rayon PDF « PARFUME »)
IAP EDP N°52 FL30ML FRASCO,000033019,Parfumerie,,mention EDP/EDT/brume/parfum (rayon PDF « PARFUME »)
PARIS CHIC EDP 100ML,000031348,Parfumerie,,mention EDP/EDT/brume/parfum (rayon PDF « PARFUME »)
IAP EDP N° 57 FL30ML FRASCO,000033018,Parfumerie,,mention EDP/EDT/brume/parfum (rayon PDF « PARFUME »)
IAP EDP N°75 FL30ML FRASCO,000033020,Parfumerie,,mention EDP/EDT/brume/parfum (rayon PDF « PARFUME »)
IAP EDP N)76 FL30ML FRASCO,000033017,Parfumerie,,mention EDP/EDT/brume/parfum (rayon PDF « PARFUME »)
IAP EDP N°32 + FL30ML FRASCO,000033026,Parfumerie,,mention EDP/EDT/brume/parfum (rayon PDF « PARFUME »)
IAP EDP MINI N°40 BLACK OPIUM 50ML,000033028,Parfumerie,,mention EDP/EDT/brume/parfum (rayon PDF « PARFUME »)
SAPHIR DORIENT EDP 50ML,000031355,Parfumerie,,mention EDP/EDT/brume/parfum (rayon PDF « PARFUME »)
UDV EAU DE PARFUM VARENSIA WHITE 50ML,000031369,Parfumerie,,mention EDP/EDT/brume/parfum (rayon PDF « PARFUME »)
BRUMES EXOTIQUES ORIENT - 250ML,000032568,Parfumerie,,mention EDP/EDT/brume/parfum (rayon PDF « PARFUME »)
BRUMES EXOTIQUES TAHITI,000032569,Parfumerie,,mention EDP/EDT/brume/parfum (rayon PDF « PARFUME »)
BRUMES EXOTIQUES PROVENCE,000032570,Parfumerie,,mention EDP/EDT/brume/parfum (rayon PDF « PARFUME »)
UDV EAU DE TOILETTE ORIENT ELIXIR 60ML,000031381,Parfumerie,,mention EDP/EDT/brume/parfum (rayon PDF « PARFUME »)
DOVE DEO GO FRESH CONCOMBRE/250ML,000026944,Déodorants,,mention « déo / roll-on » (rayon PDF « PARFUME »)
DOVE DEO ROLL ON ORIGINAL/50ML,000026952,Déodorants,,mention « déo / roll-on » (rayon PDF « PARFUME »)
DOVE DEO ORIGINAL/250ML,000026955,Déodorants,,mention « déo / roll-on » (rayon PDF « PARFUME »)
BIEN ETRE LAVANDE FL/250ML,000033135,Parfumerie,Eaux de parfum / toilette,rayon PDF « PARFUME »
ETIAXIL DETRANSPIRANT PEAUX SENS 15ML,000027157,Parfumerie,Eaux de parfum / toilette,rayon PDF « PARFUME »
202 TERRE D'HERMES 50ML,000032787,Parfumerie,Eaux de parfum / toilette,rayon PDF « PARFUME »
101 COCO MADAME 50ML,000032784,Parfumerie,Eaux de parfum / toilette,rayon PDF « PARFUME »
102 LA VIE EST BELLE MAYANA 50ML,000032785,Parfumerie,Eaux de parfum / toilette,rayon PDF « PARFUME »
103 BLACK OPIUM MAYANA 50ML,000032786,Parfumerie,Eaux de parfum / toilette,rayon PDF « PARFUME »
OUD ISPAHAN MAYANA 50ML,000032794,Parfumerie,Eaux de parfum / toilette,rayon PDF « PARFUME »
BRUME DAKAR MAYANA 150ML,000032789,Parfumerie,,mention EDP/EDT/brume/parfum (rayon PDF « PARFUME »)
BRUME KAOLACK MAYANA 150ML,000032790,Parfumerie,,mention EDP/EDT/brume/parfum (rayon PDF « PARFUME »)
BRUME THIES MAYANA 150ML,000032792,Parfumerie,,mention EDP/EDT/brume/parfum (rayon PDF « PARFUME »)
BRUME SAINT LOUIS MAYANA 150ML,000032791,Parfumerie,,mention EDP/EDT/brume/parfum (rayon PDF « PARFUME »)
BRUME ZIGUINCHOR MAYANA 150ML,000032793,Parfumerie,,mention EDP/EDT/brume/parfum (rayon PDF « PARFUME »)
COTTON MUSK ORI EDP 100ML,000031263,Parfumerie,,mention EDP/EDT/brume/parfum (rayon PDF « PARFUME »)
IAP EDP (D) Nø11 BE DELICIOUS 150ML,000027891,Parfumerie,,mention EDP/EDT/brume/parfum (rayon PDF « PARFUME »)
MAYANA 204 ONE M PR 50ML,000031440,Parfumerie,Eaux de parfum / toilette,rayon PDF « PARFUME »
IAP EDP (D) Nø15 NARCIS R. (MINI) 50ML,000027892,Parfumerie,,mention EDP/EDT/brume/parfum (rayon PDF « PARFUME »)
IAP EDP (D) Nø16 COCO CHANNEL (MINI) 50ML,000027893,Parfumerie,,mention EDP/EDT/brume/parfum (rayon PDF « PARFUME »)
NIVEA DEO ROLL DRY IMPACT 50ML,000028969,Déodorants,,mention « déo / roll-on » (rayon PDF « PARFUME »)
NIVEA DEO ROLL DEEP DARKWOOD 72H 50ML,000028971,Déodorants,,mention « déo / roll-on » (rayon PDF « PARFUME »)
NIVEA DEO ROLL FRESH NATUREL 48H 50ML,000028972,Déodorants,,mention « déo / roll-on » (rayon PDF « PARFUME »)
IAP EDP (D) Nø30 LA VIE EST BELLE (MINI) 50ML,000021128,Parfumerie,,mention EDP/EDT/brume/parfum (rayon PDF « PARFUME »)
IAP EDP (D) NØ30 LA VIE EST BELLE 150ML,000027902,Parfumerie,,mention EDP/EDT/brume/parfum (rayon PDF « PARFUME »)
NIVEA DEO BILLE BLACK/WHITE 50ML,000028975,Déodorants,,mention « déo / roll-on » (rayon PDF « PARFUME »)
IAP EDP (D) Nø32 OLYMPEA (MINI) 50ML,000024120,Parfumerie,,mention EDP/EDT/brume/parfum (rayon PDF « PARFUME »)
MKL DEO BIO ALOE VERA 50ML,000023718,Déodorants,,mention « déo / roll-on » (rayon PDF « PARFUME »)
IAP COFFRET PURE FLEUR,000020530,Parfumerie,,mention EDP/EDT/brume/parfum (rayon PDF « PARFUME »)
IAP EDP (D) NØ51 HUGO BOSS 150ML,000027912,Parfumerie,,mention EDP/EDT/brume/parfum (rayon PDF « PARFUME »)
IAP EDP (D) NØ55 AQUA DI GIO (MINI)50ML,000027915,Parfumerie,,mention EDP/EDT/brume/parfum (rayon PDF « PARFUME »)
NIVEA DEO ROLL WOM FRESH ENERGY/50ML,000028989,Déodorants,,mention « déo / roll-on » (rayon PDF « PARFUME »)
IAP EDP N 19FL 150ML CHLOE,000031296,Parfumerie,,mention EDP/EDT/brume/parfum (rayon PDF « PARFUME »)
NIVEA DEO ROLL WOM PEARL & BEAUTY 50ML,000028993,Déodorants,,mention « déo / roll-on » (rayon PDF « PARFUME »)
IAP EDP N°22 FL150MLFLOWER BY KENZO,000031298,Parfumerie,,mention EDP/EDT/brume/parfum (rayon PDF « PARFUME »)
IAP KIDS PARF ENF MIXTE FL/100ML,000031300,Parfumerie,Eaux de parfum / toilette,rayon PDF « PARFUME »
IAP EDP (D) Nø69 ONE MILION (MINI) 50ML,000024204,Parfumerie,,mention EDP/EDT/brume/parfum (rayon PDF « PARFUME »)
IAP EDP N°15 FL30ML FRASCO,000032931,Parfumerie,,mention EDP/EDT/brume/parfum (rayon PDF « PARFUME »)
IAP EDP N°16 FL30L FRASCO,000032932,Parfumerie,,mention EDP/EDT/brume/parfum (rayon PDF « PARFUME »)
IAP EDP N°30 FL30ML FRASCO,000032933,Parfumerie,,mention EDP/EDT/brume/parfum (rayon PDF « PARFUME »)
IAP EDP N°40 FL30ML FRASCO,000032934,Parfumerie,,mention EDP/EDT/brume/parfum (rayon PDF « PARFUME »)
IAP EDP N° 48 FL30ML FRASCO,000032935,Parfumerie,,mention EDP/EDT/brume/parfum (rayon PDF « PARFUME »)
IAP EDP N°51 FL30ML FRASCO,000032936,Parfumerie,,mention EDP/EDT/brume/parfum (rayon PDF « PARFUME »)
IAP EDP N°55 FL30ML FRASCO,000032937,Parfumerie,,mention EDP/EDT/brume/parfum (rayon PDF « PARFUME »)
IAP EDP N°66 FL30ML FRASCO,000032938,Parfumerie,,mention EDP/EDT/brume/parfum (rayon PDF « PARFUME »)
IAP EDP N°69 FL30ML FRASCO,000032939,Parfumerie,,mention EDP/EDT/brume/parfum (rayon PDF « PARFUME »)
IAP EDP N°71 FL30ML FRASCO,000032940,Parfumerie,,mention EDP/EDT/brume/parfum (rayon PDF « PARFUME »)
DEODORANT BALEA VRAC 200ML,000025909,Déodorants,,mention « déo / roll-on » (rayon PDF « PARFUME »)
BIEN ETRE ESSENCE FRAICH/250ML,000033134,Parfumerie,Eaux de parfum / toilette,rayon PDF « PARFUME »
PARFUM BABY COLOGNE,000031162,Bébé & maternité,,"produit/marque bébé (BB, Baby, Biolane, Babymed, Corine de Farm, lingettes) (rayon PDF « PARFUME »)"
