produit,code-barres,prix,marque,stock,sku,categorie,sous_categorie,marque_a_confirmer,prix_a_confirmer
ELUDRILPRO BAIN BOUCHE FL500ML,000032536,5299.00,Eludril,2.00,THIAALA-000001,Hygiène bucco-dentaire,Bains de bouche,,
ELUDRIL PRO BAIN BCHE 200ML,000022162,2617.00,Eludril,6.00,THIAALA-000002,Hygiène bucco-dentaire,Bains de bouche,,
DOLOSEPTYL(S) BDB UNID. 10ML B/10,000026930,4063.00,Doloseptyl,1.00,THIAALA-000003,Hygiène bucco-dentaire,Bains de bouche,,
VERAX BLU BAIN BOUCHE FL120ML,000030819,1397.00,Verax,1.00,THIAALA-000004,Hygiène bucco-dentaire,Bains de bouche,,
PARODONTAX BAIN DE BOUCHE 500ML,000020834,6956.00,Parodontax,1.00,THIAALA-000005,Hygiène bucco-dentaire,Bains de bouche,,
BETADINE SOL GARG BAIN BCHE F125ML,000022729,1346.00,Betadine,2.00,THIAALA-000006,Hygiène bucco-dentaire,Bains de bouche,,
BUCCOTHYMOL BAIN BCHE FL150ML,000021053,1117.00,Buccothymol,2.00,THIAALA-000007,Hygiène bucco-dentaire,Bains de bouche,,
ADNA (S) BDB ACTIF ORAN&MENT/250ML,000020961,2500.00,Adna,1.00,THIAALA-000008,Hygiène bucco-dentaire,Bains de bouche,,
ADNA (S) BDB ANTI-PLAQ MENTHE/250ML,000025606,3300.00,Adna,1.00,THIAALA-000009,Hygiène bucco-dentaire,Bains de bouche,,
"SEPTYL 0,1% BAIN BCHE FL200ML",000022328,1707.00,Septyl,2.00,THIAALA-000010,Hygiène bucco-dentaire,Bains de bouche,,
"SEPTYL 0,1% BAIN BCHE FL80ML",000030046,674.00,Septyl,1.00,THIAALA-000011,Hygiène bucco-dentaire,Bains de bouche,,
GUMFORTE BDB MENTHE/200ML,000021013,2900.00,Gum,1.00,THIAALA-000012,Hygiène bucco-dentaire,Bains de bouche,,
ELGYD (D) JR 7-12ANS BUBBLE DTF 50ML,000023792,4348.00,Elgyd,1.00,THIAALA-000013,Hygiène bucco-dentaire,Dentifrices,,
ELGYD (D) KIDS 3-6ANS FRAISE GIV 50ML,000022480,4025.00,Elgyd,1.00,THIAALA-000014,Hygiène bucco-dentaire,Dentifrices,,
SIGNAL KIDS 0-6ANS 70ML,000030091,1429.00,Signal,1.00,THIAALA-000015,Hygiène bucco-dentaire,Dentifrices,,
ELGYD (S) BLANCH DENTIF 75ML,000023793,5675.00,Elgyd,1.00,THIAALA-000016,Hygiène bucco-dentaire,Dentifrices,,
ELGYD (S) DTF ANTIPLAQ 100ML,000021712,5219.00,Elgyd,1.00,THIAALA-000017,Hygiène bucco-dentaire,Dentifrices,,
ELGYD (S) DTF ANTIPLAQ 75ML,000023398,5000.00,Elgyd,1.00,THIAALA-000018,Hygiène bucco-dentaire,Dentifrices,,
ELGYD (S) DTF DENTS SENS 75ML,000023794,5395.00,Elgyd,1.00,THIAALA-000019,Hygiène bucco-dentaire,Dentifrices,,
ELGYD (S) DTF GENC IRRI 75ML,000023795,7199.00,Elgyd,1.00,THIAALA-000020,Hygiène bucco-dentaire,Dentifrices,,
SIGNAL SOIN FRAICH & BLANCH DENTIF 75ML,000030098,1650.00,Signal,3.00,THIAALA-000021,Hygiène bucco-dentaire,Dentifrices,,
ELGYD (S) DTF PROTEC CARIES 75ML,000022666,5295.00,Elgyd,1.00,THIAALA-000022,Hygiène bucco-dentaire,Dentifrices,,
ELGYD DTF MULTI ACTIONS/75ML,000023705,7125.00,Elgyd,1.00,THIAALA-000023,Hygiène bucco-dentaire,Dentifrices,,
PARODONTAX (S) DTF FRAICH INT 75ML,000022746,7021.00,Parodontax,1.00,THIAALA-000024,Hygiène bucco-dentaire,Dentifrices,,
PARODONTAX (S) PATE GING ORIGINAL 75ML,000021666,5799.00,Parodontax,1.00,THIAALA-000025,Hygiène bucco-dentaire,Dentifrices,,
PAROGENCYL (S) PR•VENT DTF 75ML,000022573,4912.00,Parogencyl,1.00,THIAALA-000026,Hygiène bucco-dentaire,Dentifrices,,
SIGNAL HALEINE FRAICHE DENTIF FL/ 75ML,000031894,1650.00,Signal,6.00,THIAALA-000027,Hygiène bucco-dentaire,Dentifrices,,
COLGATE MAXI FRESH BLUE 100ML,000026641,1800.00,Colgate,6.00,THIAALA-000028,Hygiène bucco-dentaire,Dentifrices,,
COLGATE CHARCOAL GENTLE CLEAN 120G,000024347,2100.00,Colgate,2.00,THIAALA-000029,Hygiène bucco-dentaire,Dentifrices,,
COLGATE TOTAL CHARCOAL 75ML,000026643,2600.00,Colgate,6.00,THIAALA-000030,Hygiène bucco-dentaire,Dentifrices,,
FLUOCARIL BI 145 BLANCHEUR 2*75ML,000021650,7300.00,Fluocaril,1.00,THIAALA-000031,Hygiène bucco-dentaire,Dentifrices,,
FLUOCARIL (S) BI 145 BLANCH 075ML,000023024,4050.00,Fluocaril,1.00,THIAALA-000032,Hygiène bucco-dentaire,Dentifrices,,
FLUOCARIL (S) JR 6-13ANS F-R 75ML,000023799,4117.00,Fluocaril,1.00,THIAALA-000033,Hygiène bucco-dentaire,Dentifrices,,
FLUOCARIL (S-L) BI 145 MENTHE 075ML,000027488,4050.00,Fluocaril,1.00,THIAALA-000034,Hygiène bucco-dentaire,Dentifrices,,
ABAAN DTF ALOE VERA/120ML,000025544,1500.00,Abaan,8.00,THIAALA-000035,Hygiène bucco-dentaire,Dentifrices,,
XTAR PATE DENTIF PRO TB 100G,000032716,2000.00,Xtar,1.00,THIAALA-000036,Hygiène bucco-dentaire,Dentifrices,,
COLGATE MAXI FRESH VERT,000031569,1800.00,Colgate,6.00,THIAALA-000037,Hygiène bucco-dentaire,Dentifrices,,
COLGATE MAXI FRESH ROUGE,000023464,1800.00,Colgate,2.00,THIAALA-000038,Hygiène bucco-dentaire,Dentifrices,,
GUMFORTE DENTIF CHARBON T/100G,000032739,4650.00,Gum,1.00,THIAALA-000039,Hygiène bucco-dentaire,Dentifrices,,
SIGNAL EXTRA FRAICHEUR 75ML,000023458,1650.00,Signal,4.00,THIAALA-000040,Hygiène bucco-dentaire,Dentifrices,,
COLGATE CLEAN MINT TOTAL,000024348,2600.00,Colgate,5.00,THIAALA-000041,Hygiène bucco-dentaire,Dentifrices,,
SENSODYNE REPAR ET PROTEG QUOT 75ML,000022959,3692.00,Sensodyne,2.00,THIAALA-000042,Hygiène bucco-dentaire,Dentifrices,,
SENSODYNE RAPIDE ACTION DENTIF T/75ML,000023807,4645.00,Sensodyne,3.00,THIAALA-000043,Hygiène bucco-dentaire,Dentifrices,,
GUM DENTIFRCE ACTIVAL 75L,000031946,3260.00,Gum,1.00,THIAALA-000044,Hygiène bucco-dentaire,Dentifrices,,
FLUOCARIL JUNIOR BUBBLE GEL 6-12 ANS 75ML,000023806,3506.00,Fluocaril,1.00,THIAALA-000045,Hygiène bucco-dentaire,Dentifrices,,
COREGA POLIDT CRM ADHE MAXI 40G,000022882,8750.00,Corega,2.00,THIAALA-000046,Hygiène bucco-dentaire,Dentifrices,,
SENSOD (S) MULTI PROTEC 75ML,000020785,3125.00,Sensodyne,1.00,THIAALA-000047,Hygiène bucco-dentaire,Dentifrices,,
SENSOD (S) REP&PRO BLANCHR 75ML,000024192,3692.00,Sensodyne,1.00,THIAALA-000048,Hygiène bucco-dentaire,Dentifrices,,
SENSODYNE (S) SOIN BLANCH 24H 75ML,000021564,3610.00,Sensodyne,3.00,THIAALA-000049,Hygiène bucco-dentaire,Dentifrices,,
COLGATE HERBAL T/140G,000024349,1800.00,Colgate,6.00,THIAALA-000050,Hygiène bucco-dentaire,Dentifrices,,
SENSODYNE SOIN COMPLET 24H75ML,000022149,3450.00,Sensodyne,5.00,THIAALA-000051,Hygiène bucco-dentaire,Dentifrices,,
GUM DTF JR TUTTI FRUTTI/50ML,000022567,2802.00,Gum,1.00,THIAALA-000052,Hygiène bucco-dentaire,Dentifrices,,
GUMFORTE (D) DTF GEL T/100G,000021313,2350.00,Gum,1.00,THIAALA-000053,Hygiène bucco-dentaire,Dentifrices,,
DENTYGEL CHARBON ACTIF 100G,000032966,1100.00,Dentygel,7.00,THIAALA-000054,Hygiène bucco-dentaire,Dentifrices,,
DENTYGEL KIDS 3-6 ANS 70G,000032967,1200.00,Dentygel,8.00,THIAALA-000055,Hygiène bucco-dentaire,Dentifrices,,
SIGNAL ANTI TARTRE SELS MIN DENTIF 75ML,000024358,1650.00,Signal,6.00,THIAALA-000056,Hygiène bucco-dentaire,Dentifrices,,
SIGNAL DENT TRIPLE PROTECTION 140G,000023457,1650.00,Signal,3.00,THIAALA-000057,Hygiène bucco-dentaire,Dentifrices,,
SIGNAL DENT. INTEGRAL8 COCO 75ML,000021336,1650.00,Signal,3.00,THIAALA-000058,Hygiène bucco-dentaire,Dentifrices,,
SIGNAL INTEGRAL8 ACTION INTERDENTAIRE 75ML,000030081,1650.00,Signal,6.00,THIAALA-000059,Hygiène bucco-dentaire,Dentifrices,,
SIGNAL INTEGRAL8 BICARBONATE 75ML,000030082,1650.00,Signal,4.00,THIAALA-000060,Hygiène bucco-dentaire,Dentifrices,,
SIGNAL INTEGRAL8 CHARBON/75ML,000024359,1650.00,Signal,4.00,THIAALA-000061,Hygiène bucco-dentaire,Dentifrices,,
SIGNAL INTEGRAL8 COMPLET DENTIF 75ML,000030083,1650.00,Signal,3.00,THIAALA-000062,Hygiène bucco-dentaire,Dentifrices,,
SIGNAL INTEGRAL8 NETTOYAGE INTENSE/75ML,000030084,1650.00,Signal,4.00,THIAALA-000063,Hygiène bucco-dentaire,Dentifrices,,
SIGNAL INTEGRAL8 SEL ROSE-CAMOMILLE/75ML,000030085,1650.00,Signal,10.00,THIAALA-000064,Hygiène bucco-dentaire,Dentifrices,,
SIGNAL JUNIOR 6-13ANS 75ML,000030087,1950.00,Signal,4.00,THIAALA-000065,Hygiène bucco-dentaire,Dentifrices,,
BIO BALANCE SS VIT C PURE ACID ASCORBIQ 30ML,000032412,10800.00,Bio Balance,1.00,THIAALA-000066,Soins du visage,Sérums,NON,
CERAVE SOIN CONCENTRE ANTI IMPERF 40ML,000023737,14650.00,CeraVe,1.00,THIAALA-000067,Soins du visage,Soins ciblés (imperfections/acné),,
BALMY POUF BAIN MEDIUM,000032517,1450.00,Balmy,1.00,THIAALA-000068,Accessoires,,,
BABYMED EAU DE COLOGNE 500ML,000025945,2350.00,Babymed,1.00,THIAALA-000069,Bébé & maternité,,,
BABYMED GEL LAVANT DOUCEUR 800ML,000025946,2900.00,Babymed,3.00,THIAALA-000070,Bébé & maternité,,,
BABYMED LAIT DE TOILETTE 800ML,000025949,2600.00,Babymed,3.00,THIAALA-000071,Bébé & maternité,,,
BABYMED LINGETTES/72,000024346,1800.00,Babymed,2.00,THIAALA-000072,Bébé & maternité,,,
BIOLANE LAIT CORP ED LIM 750ML,000032546,12800.00,Biolane,1.00,THIAALA-000073,Bébé & maternité,,,
BYPHASSE Q10 CONTOUR DES YEUX 20ML,000031910,6201.00,Byphasse,3.00,THIAALA-000074,Soins du visage,Contour des yeux,,
CERAVE LAIT HYDRA F/473ML,000021412,14245.00,CeraVe,1.00,THIAALA-000075,Soins du corps,Laits & crèmes corps,,
CERAVE GEL MOUSSANT F/236ML,000022809,10119.00,CeraVe,1.00,THIAALA-000076,Soins du visage,Nettoyants visage,,
LAIT BODY FASHION ANTI-VERGETURES 500ML,000030287,5000.00,Body Fashion,2.00,THIAALA-000077,Soins du corps,Anti-vergetures,NON,
AFRO ET NATURE BONNET NUIT INTERIEUR,000033100,4850.00,Afro et Nature,1.00,THIAALA-000078,Accessoires,,,
PACK CHATEAU ROUGE SAVON + SOIN CONCENTREE -25%,000032656,17650.00,Château Rouge,1.00,THIAALA-000079,Hygiène & savons,Savons solides,NON,
AMT SAVON BAOBAB 148G,000033101,3200.00,AMT,1.00,THIAALA-000080,Hygiène & savons,Savons solides,,
AMT SAVON BISSAP 148G,000033102,3200.00,AMT,1.00,THIAALA-000081,Hygiène & savons,Savons solides,,
BALMY POUF BAIN AU SAVON BLANC,000032406,3126.00,Balmy,1.00,THIAALA-000082,Accessoires,,,
AMT SAVON COKTAIL 148G,000033103,3200.00,AMT,1.00,THIAALA-000083,Hygiène & savons,Savons solides,,
GEL DE DOUCHE BODY FASHION 850ML,000030294,3500.00,Body Fashion,3.00,THIAALA-000084,Hygiène & savons,Gels & huiles de douche,NON,
BIOLANE LAIT CORPS HYDRA 350ML,000032595,8150.00,Biolane,1.00,THIAALA-000085,Bébé & maternité,,,
BIO BALANCE SERUM ACID SALICYLIC 30ML,000032666,9600.00,Bio Balance,2.00,THIAALA-000086,Soins du visage,Sérums,NON,
AMT SAVON MORINGA 148G,000033105,3200.00,AMT,1.00,THIAALA-000087,Hygiène & savons,Savons solides,,
BIO BALANCE SERUM LUMISKIN 30ML,000032667,11434.00,Bio Balance,1.00,THIAALA-000088,Soins du visage,Sérums,NON,
BUM BUM GEL VOLU FESSIER 200ML,000032676,18900.00,Bum Bum,2.00,THIAALA-000089,Soins du corps,Raffermissants corps,,
BRUMES EXOTIQUES CARAIBES 250ML,000026340,7500.00,Brumes Exotiques,1.00,THIAALA-000090,Parfumerie,,,
BIO OIL HLE DE SOIN F/60ML,000023814,8016.00,Bio Oil,1.00,THIAALA-000091,Soins du corps,Huiles corps,NON,
BRUMES EXOTIQUES HAWAI 250ML,000026341,7500.00,Brumes Exotiques,3.00,THIAALA-000092,Parfumerie,,,
CERAVE GEL MOUSSANT ANTI IMPER F236ML,000023735,10560.00,CeraVe,2.00,THIAALA-000093,Soins du visage,Nettoyants visage,,
CERAVE CREME SA ANTI ROUGOSITEF L177ML,000023734,10019.00,CeraVe,1.00,THIAALA-000094,Soins du corps,Laits & crèmes corps,,
AVENE CLEAN HYDRA/ CLEAN AC 40ML 536874,000031933,12201.00,Avène,1.00,THIAALA-000095,Soins du visage,Nettoyants visage,,
AVENE ULTRA-FLUID 50+50ML,000024135,16000.00,Avène,1.00,THIAALA-000096,Solaires,Protection solaire visage SPF50+,,
CERAVE CREM REPARATRIC YEUX FL 15ML,000023733,11575.00,CeraVe,1.00,THIAALA-000097,Soins du visage,Contour des yeux,,
BIO OIL HLE DE SOIN F/125ML,000023811,12175.00,Bio Oil,1.00,THIAALA-000098,Soins du corps,Huiles corps,NON,
BYPHASSE LAIT ECL BLE FL/500ML,000023475,5500.00,Byphasse,4.00,THIAALA-000099,Soins du corps,Soins éclaircissants / anti-taches,,
BIO OIL HLE DE SOIN F/25ML,000023813,3450.00,Bio Oil,1.00,THIAALA-000100,Soins du corps,Huiles corps,NON,
BYPHASSE LAIT ECL AVOINE FL500ML,000023476,5500.00,Byphasse,4.00,THIAALA-000101,Soins du corps,Soins éclaircissants / anti-taches,,
ATODERM GEL DOUCHE 1L (BIODERMA),000023619,18938.00,Bioderma,1.00,THIAALA-000102,Hygiène & savons,Gels & huiles de douche,,
ATODERM HLE DE DOUCHE 1L (BIODERMA),000022702,20870.00,Bioderma,1.00,THIAALA-000103,Hygiène & savons,Gels & huiles de douche,,
BLONDEPIL CREM DEPILATOIRE TB200ML,000023777,7090.00,Blondepil,1.00,THIAALA-000104,Rasage & dépilation,,,
CLAIRISSIME GOLD SERUM ECLAIR F/50ML,000033209,4150.00,Clairissime,1.00,THIAALA-000105,Soins du visage,Sérums,,
BIOBAL SER COLLAGEN VIT C 30ML,000032800,11890.00,Biolane,1.00,THIAALA-000106,Soins du corps,Laits & crèmes corps,,
BIOLANE EAU TOILETT FRAICHEUR 200ML,000032801,4300.00,Biolane,1.00,THIAALA-000107,Bébé & maternité,,,
CERAVE CREM HYDRATANT JOUR SPF 30 52ML,000023731,13475.00,CeraVe,1.00,THIAALA-000108,Solaires,,,
BIOLANE SPRAY AMANDE EXPORT 75ML,000032802,4550.00,Biolane,2.00,THIAALA-000109,Bébé & maternité,,,
CANDES LAIT CLARIFIANT SUBLIME AHA F/400ML,000026384,17450.00,Candes,1.00,THIAALA-000110,Soins du corps,Soins éclaircissants / anti-taches,,
BIO BALANCE CR SUP HD ADV NIGH CERAMID NP0.2%-50ML,000032829,13400.00,Bio Balance,1.00,THIAALA-000111,Soins du visage,Crèmes visage,NON,
BIO BALANCE CR SUP PLUMP HYDRA UR 50ML,000032830,13540.00,Bio Balance,1.00,THIAALA-000112,Soins du visage,Crèmes visage,NON,
BIOLANE (S) EDT FRAICHEUR 200ML,000026187,4175.00,Biolane,1.00,THIAALA-000113,Bébé & maternité,,,
BIOLANE (S) GEL CHV&CORPS 350ML,000026188,5400.00,Biolane,2.00,THIAALA-000114,Bébé & maternité,,,
BIOLANE (S) GEL CHV&CORPS 750ML,000026189,10450.00,Biolane,1.00,THIAALA-000115,Bébé & maternité,,,
BIOLANE (S) LINGETTES EPAIS H2O/72,000026190,3650.00,Biolane,1.00,THIAALA-000116,Bébé & maternité,,,
BIOLANE (S) SAVON DOUX SURG 150G,000026191,4600.00,Biolane,1.00,THIAALA-000117,Bébé & maternité,,,
CHATEAU ROUGE HUILE DIVINE UNIF HY,000031258,12600.00,Château Rouge,1.00,THIAALA-000118,Soins du corps,Soins éclaircissants / anti-taches,,
CHATEAU ROUGE CR CONCENTRE UNI VISAGE T/50ML,000031259,14000.00,Château Rouge,1.00,THIAALA-000119,Soins du visage,Crèmes visage,,
AVENE (L) CLEAN GEL NET400ML,000022753,14327.00,Avène,1.00,THIAALA-000120,Soins du visage,Nettoyants visage,,
BIOLANE CRM CHANGE T/100ML,000026199,5050.00,Biolane,2.00,THIAALA-000121,Bébé & maternité,,,
CHATEAU ROUGE CR PREST JOUR UNI T50ML,000031260,10150.00,Château Rouge,2.00,THIAALA-000122,Soins du visage,Crèmes visage,,
AVE (S) CICALFATE+ CRM REP/PRO 40ML,000025854,8376.00,Avène,1.00,THIAALA-000123,Soins du visage,Soins ciblés (imperfections/acné),,
AVENE CICALFATE CREME 100ML 220693,000032202,12725.00,Avène,1.00,THIAALA-000124,Soins du visage,Soins ciblés (imperfections/acné),,
AVENE CLEAN COMEDOMED 30ML 239499,000032203,13823.00,Avène,1.00,THIAALA-000125,Soins du visage,Nettoyants visage,,
CLAIRISSIME LAIT ECLAIR 500ML SK,000022033,7788.00,Clairissime,3.00,THIAALA-000126,Soins du corps,Soins éclaircissants / anti-taches,,
CLAIRISSIM CRM ECLAIR UBIQ 50ML,000026574,4150.00,Clairissime,1.00,THIAALA-000127,Soins du corps,Soins éclaircissants / anti-taches,,
CLAIRISSIME LAIT ECLAIR UBIQ 500ML,000022623,7800.00,Clairissime,1.00,THIAALA-000128,Soins du corps,Soins éclaircissants / anti-taches,,
AIDA(S) CRM REGUL ANTITACHE T/40ML,000021362,5225.00,Aida,1.00,THIAALA-000129,Soins du corps,Soins éclaircissants / anti-taches,,
CLAIRISSIM LAIT HYD ALOEVERA 500ML,000026578,8088.00,Clairissime,1.00,THIAALA-000130,Soins du corps,Soins éclaircissants / anti-taches,,
CLAIRISSIM LAIT HYD CACAO 500ML,000026580,7416.00,Clairissime,1.00,THIAALA-000131,Soins du corps,Soins éclaircissants / anti-taches,,
CLAIRISSIME LAIT HYD COCONUT 500ML,000023655,8159.00,Clairissime,1.00,THIAALA-000132,Soins du corps,Soins éclaircissants / anti-taches,,
CLAIRISSIM LAIT HYD VIT E 500ML,000026583,8069.00,Clairissime,1.00,THIAALA-000133,Soins du corps,Soins éclaircissants / anti-taches,,
AVENE XERACALM NUTRIT GEL NETT F/500ML,000032297,15328.00,Avène,1.00,THIAALA-000134,Soins du visage,Nettoyants visage,,
BALMY POUF BAIN AVEC MANCHE,000032457,3515.00,Balmy,1.00,THIAALA-000135,Accessoires,,,
BYPHASSE GEL DOUCHE DERMO MICELLAIRE ARGAN 1L,000031480,5500.00,Byphasse,4.00,THIAALA-000136,Hygiène & savons,Gels & huiles de douche,,
BIO BALANCE FLU SOLAIRE ANTI-TACHES SPF 50+40ML,000032953,12631.00,Bio Balance,1.00,THIAALA-000137,Solaires,,NON,
BIO BALANCE FLUSOLAIRE HYDRAS PF 50+40ML,000032954,12631.00,Bio Balance,1.00,THIAALA-000138,Solaires,,NON,
BIO BALANCE HC CICA VISAGE LAIT 250ML,000032955,10017.00,Bio Balance,1.00,THIAALA-000139,Soins du corps,Laits & crèmes corps,NON,
CERAVE CREME HYDRATANT NUIT PM 52ML,000023770,12285.00,CeraVe,2.00,THIAALA-000140,Soins du corps,Laits & crèmes corps,,
CORINE DE FARM PACK BB BASIC,000032972,24250.00,Corine de Farm,4.00,THIAALA-000141,Bébé & maternité,,,
CERAVE BAUME HYDRA 454G,900022904,14900.00,CeraVe,1.00,THIAALA-000142,Soins du corps,Baumes corps,,
BIO BALANCE CR SUP GLOW 3-0 ETHYLASC 5%+ACIDF1%,000032443,13700.00,Bio Balance,1.00,THIAALA-000143,Soins du visage,Crèmes visage,NON,
BIO BALANCE CR YEUX SUP HD AUCOLAGEN& VIT C20ML,000032442,12600.00,Bio Balance,1.00,THIAALA-000144,Soins du visage,Contour des yeux,NON,
BIO BALANCE SS ACID HYALURONIQ MULTI MOLECUL 30ML,000032444,10700.00,Bio Balance,1.00,THIAALA-000145,Soins du visage,Sérums,NON,
DM HUILE CLOU DE GIROFLE 60ML,000031173,4137.00,DM,1.00,THIAALA-000146,Soins du corps,Huiles corps,,
DM HUIL AVOCAT BIO FL 60ML,000031710,4137.00,DM,1.00,THIAALA-000147,Soins du corps,Huiles corps,,
DERMOWHIT CREM NUIT CLARIFIANT HYD 50G,000033059,9977.00,Dermowhite,1.00,THIAALA-000148,Soins du visage,Crèmes visage,,
DUCRAY KERACNYL 50+FLUIDE CR T/50ML,000032620,11500.00,Ducray,1.00,THIAALA-000149,Soins du visage,Soins ciblés (imperfections/acné),,
DOVE LAIT INTENSE CARE FL/400ML,000031888,3999.00,Dove,2.00,THIAALA-000150,Soins du corps,Laits & crèmes corps,,
EUCERIN CREME SOLAIRE OIL/ACNE CONTROL 50ML,000033096,12500.00,Eucerin,4.00,THIAALA-000151,Solaires,,,
EVA CREME PIEDS,000026804,2600.00,Eva,1.00,THIAALA-000152,Soins du corps,Laits & crèmes corps,,
DOVE LAITINTENSE CARE /250ML,000026970,2500.00,Dove,2.00,THIAALA-000153,Soins du corps,Laits & crèmes corps,,
DOVE LAIT ESSENTIEL CARE/250ML,000026975,2500.00,Dove,1.00,THIAALA-000154,Soins du corps,Laits & crèmes corps,,
DEPIWHITE (S) ACM CONTOUR YEUX 15ML,000021993,13200.00,Depiwhite,1.00,THIAALA-000155,Soins du visage,Contour des yeux,,
DOVE SAVON BEAUTY CRM BAR 90G,000026977,1100.00,Dove,5.00,THIAALA-000156,Hygiène & savons,Savons solides,,
EASY ROSE CREME DEPILATOIRE T/120ML,000031914,2100.00,Easy Rose,1.00,THIAALA-000157,Rasage & dépilation,,,
DEPIWHITE (S-U) LAIT CORPS •CLAI 500ML,000026819,19415.00,Depiwhite,1.00,THIAALA-000158,Soins du corps,Laits & crèmes corps,,
DOVE SAVON REFRESHING 90G,000026978,1100.00,Dove,3.00,THIAALA-000159,Hygiène & savons,Savons solides,,
DOVE SAVON PAMPERING 90G,000026980,1100.00,Dove,1.00,THIAALA-000160,Hygiène & savons,Savons solides,,
DEXERYL CRM TUBE 250G,000020829,3428.00,Dexeryl,11.00,THIAALA-000161,Soins du corps,Laits & crèmes corps,,
DUCRAY (S) KERACNYL GEL/400ML,000023127,14850.00,Ducray,1.00,THIAALA-000162,Soins du visage,Soins ciblés (imperfections/acné),,
DUCRAY (S-D) KERACNYL PP CRM/30ML,000023992,11600.00,Ducray,1.00,THIAALA-000163,Soins du visage,Soins ciblés (imperfections/acné),,
DUCRAY ANAPHASE APRES SHAMP 200ML,000023750,10580.00,Ducray,3.00,THIAALA-000164,Soins capillaires,Shampoings & après-shampoings,,
DM HUIL RICIN,000032087,3266.00,DM,1.00,THIAALA-000165,Soins du corps,Huiles corps,,
DM (D) HUILE D ARGAN 60ML,000026904,4137.00,DM,1.00,THIAALA-000166,Soins du corps,Huiles corps,,
DM (D) HUILE DE COCO 60ML,000023574,3811.00,DM,1.00,THIAALA-000167,Soins du corps,Huiles corps,,
DOVE SAVON COCONUT 90G,000031500,1100.00,Dove,2.00,THIAALA-000168,Hygiène & savons,Savons solides,,
DAM NATUR HUIL POUSS CHEVEUX 125MML,000023862,8700.00,Dam Natur,1.00,THIAALA-000169,Soins capillaires,Huiles & soins cheveux,,
DAM NATUR HUIL POUSS RAPID BAR B30ML,000023863,4900.00,Dam Natur,1.00,THIAALA-000170,Rasage & dépilation,Soins de la barbe,,
FAIR WHITE CREME GOLD,000031508,3845.00,Fair White,1.00,THIAALA-000171,Soins du corps,Laits & crèmes corps,,
BABYMED LAIT DE TOILETTE 200ML,000025948,1250.00,Babymed,3.00,THIAALA-000172,Bébé & maternité,,,
FLEUR DE BAIN GM,000027782,1250.00,Autre,2.00,THIAALA-000173,Accessoires,,NON,
MINOXIDIL CPF 5% COFF 3X60ML,000028695,18353.00,Minoxidil,1.00,THIAALA-000174,Soins capillaires,Traitements capillaires,,
CERAVE LAIT HYDRATANT FL236ML,000031558,10525.00,CeraVe,1.00,THIAALA-000175,Soins du corps,Laits & crèmes corps,,
LAINO SAVON MARSEIL 150G,000028160,3858.00,Laino,1.00,THIAALA-000176,Hygiène & savons,Savons solides,,
NEUTROGENA FORM NORV LAIT APAIS ET REPAR 250ML,000023937,9100.00,Neutrogena,1.00,THIAALA-000177,Soins du corps,Laits & crèmes corps,,
COFFRET BIOLANE,000031415,31875.00,Biolane,1.00,THIAALA-000178,Bébé & maternité,,,
SVR SEBIACLEAR ACTIV+RENO GEL CREM 40L,000023741,10462.00,SVR,1.00,THIAALA-000179,Soins du visage,Soins ciblés (imperfections/acné),,
COTON TIGE BB B/56,000023502,1500.00,"(accessoire, sans marque)",9.00,THIAALA-000180,Bébé & maternité,,,
CICAPLAST (S) LEVRES 7.5ML,000026543,6898.00,La Roche-Posay,2.00,THIAALA-000181,Soins du visage,Soins ciblés (imperfections/acné),,
LRP EFFACLAR K+ S RENO 40ML,000028411,14495.00,La Roche-Posay,1.00,THIAALA-000182,Soins du visage,Soins ciblés (imperfections/acné),,
COTON DISQUES A DEMAQ CLEAQ S/100D,000026717,1300.00,"(accessoire, sans marque)",9.00,THIAALA-000183,Accessoires,,,
COTON TIGE AD,000023501,1500.00,"(accessoire, sans marque)",5.00,THIAALA-000184,Accessoires,,,
LAINO STICK LEVRE CIRE D'ABEILLE 4G,000031448,3548.00,Laino,3.00,THIAALA-000185,Soins du visage,Baumes à lèvres,,
WILLIAMS MOUSSE A RASER SENSIBLE 200ML,000030944,4600.00,Williams,3.00,THIAALA-000186,Rasage & dépilation,,,
DM CR RAFFERMMIS ET GROSSIS FEN,000023868,9800.00,DM,1.00,THIAALA-000187,Soins du corps,Raffermissants corps,,
EVOLUDERM CRM MAIN NOURISST BEURRE DE CACAO T/150,000027176,2950.00,Evoluderm,1.00,THIAALA-000188,Soins du corps,Laits & crèmes corps,,
EVOLUDERM GOMMAGE EXF PECHE 150ML,000027189,2950.00,Evoluderm,2.00,THIAALA-000189,Soins du corps,Gommages & exfoliants,,
EVOLUDERM LAIT ACTION TACHE 500ML,000027194,4500.00,Evoluderm,2.00,THIAALA-000190,Soins du corps,Laits & crèmes corps,,
EVOLUDERM LAIT EXTRA FORT 500ML,000027195,4500.00,Evoluderm,3.00,THIAALA-000191,Soins du corps,Laits & crèmes corps,,
EVOLUDERM LAIT HYDRAT MONOI 500ML,000023467,3500.00,Evoluderm,1.00,THIAALA-000192,Soins du corps,Laits & crèmes corps,,
EVOLUDERM LAIT OVER BOOST 500ML,000027198,4500.00,Evoluderm,2.00,THIAALA-000193,Soins du corps,Laits & crèmes corps,,
EVOLUDERM LAIT TRES FORT 500ML,000027200,4500.00,Evoluderm,2.00,THIAALA-000194,Soins du corps,Laits & crèmes corps,,
EVOLUDERM MASQUE DOUX CONCOMBRE 150ML,000027202,2950.00,Evoluderm,1.00,THIAALA-000195,Soins du visage,Masques visage,,
EVOLUDERM MASQUE PURIF ARGILE 150ML,000027205,2950.00,Evoluderm,1.00,THIAALA-000196,Soins du visage,Masques visage,,
EVOLUDERM GEL DOUCHE AMANDE 500ML,000032968,3350.00,Evoluderm,2.00,THIAALA-000197,Hygiène & savons,Gels & huiles de douche,,
EVOLUDERM GEL DOUCHE ARGAN 500ML,000032969,3350.00,Evoluderm,3.00,THIAALA-000198,Hygiène & savons,Gels & huiles de douche,,
EVOLUDERM GEL DOUCHE HUILE PRECIEUSE 500ML,000032970,3350.00,Evoluderm,2.00,THIAALA-000199,Hygiène & savons,Gels & huiles de douche,,
EVOLUDERM GEL DOUCHE FLEUR D'ORANGER 500ML,000032971,3350.00,Evoluderm,2.00,THIAALA-000200,Hygiène & savons,Gels & huiles de douche,,
FRANCOISE BEDON SAVON PUISSANCE,000031538,5800.00,Françoise Bedon,4.00,THIAALA-000201,Hygiène & savons,Savons solides,,
FRANCOISE BEDON SAVON ROYAL,000031539,9500.00,Françoise Bedon,2.00,THIAALA-000202,Hygiène & savons,Savons solides,,
FRANCOISE BEDON CRM PUISSANCE,000031541,10000.00,Françoise Bedon,1.00,THIAALA-000203,Soins du corps,Laits & crèmes corps,,
FRANCOISE BEDON CRM SUPREME,000031542,8000.00,Françoise Bedon,1.00,THIAALA-000204,Soins du corps,Laits & crèmes corps,,
FRANCOISE BEDON SERUM SUPREME,000031543,10766.00,Françoise Bedon,2.00,THIAALA-000205,Soins du visage,Sérums,,
FRANCOISE BEDON SERUM ULTIME CAROTTE LUXE,000031545,10766.00,Françoise Bedon,1.00,THIAALA-000206,Soins du visage,Sérums,,
FRANCOISE BEDON CRM ULTIME GOLD OR LUXE,000031546,10766.00,Françoise Bedon,1.00,THIAALA-000207,Soins du corps,Laits & crèmes corps,,
FRANCOISE BEDON LAIT ECL CAROTTE 500ML,000031562,10000.00,Françoise Bedon,2.00,THIAALA-000208,Soins du corps,Soins éclaircissants / anti-taches,,
FRANCOISE BEDON LAIT ECL PUISSANCE,000031666,10000.00,Françoise Bedon,5.00,THIAALA-000209,Soins du corps,Soins éclaircissants / anti-taches,,
FRANCOISE BEDON LAIT ECLA ROYAL,000031667,15000.00,Françoise Bedon,3.00,THIAALA-000210,Soins du corps,Laits & crèmes corps,,
GENSKIN LOTIONHYDRVISAGE/CORPS T/225ML,000024141,7000.00,Genskin,4.00,THIAALA-000211,Soins du corps,Laits & crèmes corps,,
GENSKIN CRM ECLAT NOURIS 250G,000022078,7200.00,Genskin,2.00,THIAALA-000212,Soins du corps,Laits & crèmes corps,,
GENSKIN CRM EMOLLIENTE 250G,000020939,4400.00,Genskin,6.00,THIAALA-000213,Soins du corps,Laits & crèmes corps,,
GENSKIN SAVON EXF. ALOE&KARITE/150G,000021617,4600.00,Genskin,3.00,THIAALA-000214,Hygiène & savons,Savons solides,,
GENSKIN SOLAIRE SPF50+ CRM 50G,000023950,11985.00,Genskin,1.00,THIAALA-000215,Solaires,,,
GENSKIN(L) SAVON PUR. CHARBON/150G,000020962,4725.00,Genskin,5.00,THIAALA-000216,Hygiène & savons,Savons solides,,
GENSKIN LOTION HYDR VISAGE/CORPS T/450ML,000033099,12000.00,Genskin,1.00,THIAALA-000217,Soins du corps,Laits & crèmes corps,,
GENSKIN EXFOL CREME VISAGE CHARBON 100G,000032737,8750.00,Genskin,1.00,THIAALA-000218,Soins du visage,Crèmes visage,,
GENSKIN TACHE GEL T/25G,000021895,3150.00,Genskin,2.00,THIAALA-000219,Soins du visage,Soins ciblés (imperfections/acné),,
GENSIKIN NETTOY VISAG EXTRA DOUX 100G,000023870,5150.00,Genskin,1.00,THIAALA-000220,Soins du visage,Nettoyants visage,,
GENSKIN TALC PDR FL 125G,000023871,4293.00,Genskin,1.00,THIAALA-000221,Hygiène & savons,Poudres & talcs,,
IAP BRUM CHEV& CORPS 100ML OCEAN BLISFRASCO,000033032,4300.00,IAP (parfums génériques),2.00,THIAALA-000222,Parfumerie,Brumes parfumées,,
IAP BRUME CHEV&CORPS 100ML GOLDEN SAMBA FRASCO,000033033,4300.00,IAP (parfums génériques),4.00,THIAALA-000223,Parfumerie,,,
IAP BRUMECHEV&CORPS 100ML SAND GLOW FRASCO,000033034,4300.00,IAP (parfums génériques),4.00,THIAALA-000224,Parfumerie,,,
IAP BRUME CHEV&CORPS 100MLSUNSET DREAMFRASCO,000033035,4300.00,IAP (parfums génériques),2.00,THIAALA-000225,Parfumerie,,,
IAP BRUME CHEV& CORPS 100ML TROPIC VIBES FRASCO,000033036,4300.00,IAP (parfums génériques),1.00,THIAALA-000226,Parfumerie,,,
IAP BRUME CHEV& CORPS 100ML VIBRANT BAHIA FRASCO,000033037,4300.00,IAP (parfums génériques),3.00,THIAALA-000227,Parfumerie,,,
GILBERT HYFAC WOMAN EAU MICELL 200 ML,000032043,10716.00,Gilbert,1.00,THIAALA-000228,Soins du visage,Nettoyants visage,,
GLOWMAX CR T/100G,000032614,4100.00,Glowmax,1.00,THIAALA-000229,Soins du corps,Laits & crèmes corps,,
GLOWMAX SAV/75G,000032615,3000.00,Glowmax,1.00,THIAALA-000230,Hygiène & savons,Savons solides,,
HUILE BAOBAB BASSARI F50ML,000021355,4150.00,Autre,23.00,THIAALA-000231,Soins du corps,Huiles corps,NON,
GILBERT HYFAC CREM LEGERE 40L,000032041,12712.00,Gilbert,1.00,THIAALA-000232,Soins du corps,Laits & crèmes corps,,
GILBERT HYFAC SOIN GLOBAL 40MML,000032042,9729.00,Gilbert,1.00,THIAALA-000233,Soins du visage,Soins ciblés (imperfections/acné),,
ICTYANE DUCRAY ECLAT LAIT /400ML,000027932,17320.00,Ducray,1.00,THIAALA-000234,Soins du corps,Laits & crèmes corps,,
GILBERT PARASIDOSE PEIGNE FINDENTS LON GUES,000023873,3183.00,Gilbert,1.00,THIAALA-000235,Soins capillaires,Anti-poux,,
KL BB PACK LAIT +PEIT BRAIN+LINGETT+SAV OFF,000032647,32801.00,Klorane,1.00,THIAALA-000236,Bébé & maternité,,,
LAIT VALDA HUILE DE BAOBAB F/250ML,000022767,1960.00,Valda,1.00,THIAALA-000237,Soins du corps,Huiles corps,NON,
SHIELD LINGETTES,000032841,1775.00,Shield,3.00,THIAALA-000238,Bébé & maternité,,,
SHIELD LOTION 200ML,000032842,1775.00,Shield,1.00,THIAALA-000239,Soins du corps,Laits & crèmes corps,,
KLORANE BB LAIT DE TOIL. 750ML,000021492,12923.00,Klorane,1.00,THIAALA-000240,Bébé & maternité,,,
KL BB (S) SAVON SURGRAS PAIN 250G,000024325,6694.00,Klorane,1.00,THIAALA-000241,Bébé & maternité,,,
JANYS LINE CREME ECLAICISSANTE 50ML,000031496,3100.00,Janys Line,2.00,THIAALA-000242,Soins du corps,Laits & crèmes corps,,
KLORANE BB LINGETTE +PAISSE NETT/70,000028094,8665.00,Klorane,1.00,THIAALA-000243,Bébé & maternité,,,
LAINO (D) ARGILE VERTE SURF PDR 300G,000028150,4186.00,Laino,1.00,THIAALA-000244,Soins du visage,Masques visage,,
LAINO (S) LAIT NUTRI OLIVE 400ML,000028151,10653.00,Laino,1.00,THIAALA-000245,Soins du corps,Laits & crèmes corps,,
LAINO (S) SAVON SOUFRE PAIN 150G,000022943,4513.00,Laino,1.00,THIAALA-000246,Hygiène & savons,Savons solides,,
LAINO (S) STICK LEVRE POMME/4G,000021494,2665.00,Laino,1.00,THIAALA-000247,Soins du visage,Baumes à lèvres,,
LAINO ARGILE VERTE TUBE 350G,000023018,7141.00,Laino,1.00,THIAALA-000248,Soins du visage,Masques visage,,
LAINO STICK LEVRE FRAMBOISE T/4G,000028166,2927.00,Laino,1.00,THIAALA-000249,Soins du visage,Baumes à lèvres,,
LAINO STICK LEVRE VANILLE T/4G,000022174,2850.00,Laino,1.00,THIAALA-000250,Soins du visage,Baumes à lèvres,,
LAINO HYDRATANT AMANDE DOUCE FL400ML,000032060,10779.00,Laino,1.00,THIAALA-000251,Soins du corps,Laits & crèmes corps,,
CARMEX BAUME LEVRE POT/7.5G,000026432,1650.00,Carmex,28.00,THIAALA-000252,Soins du visage,Baumes à lèvres,,
BLISTEX LIP MEDEX BAUME P/7G,000026267,1500.00,Blistex,36.00,THIAALA-000253,Soins du visage,Baumes à lèvres,,
ANTHELIOS UVMUNE 400 SPF 50+ FLUIDE ANTI TACHES,000033009,17541.00,La Roche-Posay,1.00,THIAALA-000254,Solaires,,,
EFFACLAR GEL PURIF M PEEL200ML,000032719,12365.00,La Roche-Posay,1.00,THIAALA-000255,Soins du visage,Soins ciblés (imperfections/acné),,
RELAX PATCH DOULEUR MENSTRUEL BT3,000033190,3460.00,Autre,2.00,THIAALA-000256,Hygiène & bien-être,Patchs,NON,
LRP (S) EFFACLAR DUO+ CRM 40ML,000021772,12100.00,La Roche-Posay,1.00,THIAALA-000257,Soins du visage,Soins ciblés (imperfections/acné),,
LRP (S-D) EFFACLAR H HYD-APAIS/40ML,000028400,11818.00,La Roche-Posay,1.00,THIAALA-000258,Soins du visage,Soins ciblés (imperfections/acné),,
LRP (S-D) LIPIKAR LAIT CORPS 400ML,000022625,16921.00,La Roche-Posay,2.00,THIAALA-000259,Soins du corps,Laits & crèmes corps,,
LRP (S-D) EFFACLAR DUO+ SPF30 40ML,000022794,13100.00,La Roche-Posay,1.00,THIAALA-000260,Solaires,,,
LRP ANTHELIOS UVMUNE400 CRM 50ML EX SHAKA,000021499,16561.00,La Roche-Posay,1.00,THIAALA-000261,Solaires,,,
LRP EFFACLAR (U) GEL MOUSS PURIF 400ML,000021500,15500.00,La Roche-Posay,1.00,THIAALA-000262,Soins du visage,Nettoyants visage,,
LRP EFFACLAR GEL MOUSS PURIF 200ML,000024074,11450.00,La Roche-Posay,1.00,THIAALA-000263,Soins du visage,Nettoyants visage,,
LRP EFFACLAR LOTION ASTR. 200ML,000023546,11500.00,La Roche-Posay,1.00,THIAALA-000264,Soins du visage,Soins ciblés (imperfections/acné),,
LRP EFFACLAR DUO+ SERUM 30ML,000031087,15900.00,La Roche-Posay,1.00,THIAALA-000265,Soins du visage,Soins ciblés (imperfections/acné),,
LRP LIPIKAR BAUME AP+ 200ML,000028419,18057.00,La Roche-Posay,1.00,THIAALA-000266,Soins du corps,Laits & crèmes corps,,
LRP LIPIKAR GEL LAVANT 400ML,000028425,14018.00,La Roche-Posay,1.00,THIAALA-000267,Soins du corps,Laits & crèmes corps,,
LRP LIPIKAR SAV SURG PAIN/150G (S-D),000022517,6950.00,La Roche-Posay,1.00,THIAALA-000268,Soins du corps,Laits & crèmes corps,,
LRP LIPIKAR SYNDET AP+ CRM LAV. 400ML,000028432,14716.00,La Roche-Posay,1.00,THIAALA-000269,Soins du corps,Laits & crèmes corps,,
LRP LIPIKAR LAIT UREA 400ML EXISO UREA,000031863,21142.00,La Roche-Posay,1.00,THIAALA-000270,Soins du corps,Laits & crèmes corps,,
MAYANA CREME GOMMANTE EXFOLIANTE,000032534,4200.00,Mayana,1.00,THIAALA-000271,Soins du corps,Gommages & exfoliants,,
CREME SOLAIRE MAYANA SPF 50,000032672,6700.00,Mayana,2.00,THIAALA-000272,Solaires,,,
MAYANA ANTI ACNE SAV,000022694,1500.00,Mayana,48.00,THIAALA-000273,Soins du visage,Soins ciblés (imperfections/acné),,
MAYANA LAIT DE CORPS UNIFIANT FL/500ML,000022698,9500.00,Mayana,7.00,THIAALA-000274,Soins du corps,Soins éclaircissants / anti-taches,,
MAYANA SAVON ANTI TACHE 225GRS,000022695,1500.00,Mayana,33.00,THIAALA-000275,Hygiène & savons,Savons solides,,
MAYANA SAVON ALOE VERA 225GRS,000022696,1500.00,Mayana,9.00,THIAALA-000276,Hygiène & savons,Savons solides,,
MAYANA SAVON AU BEURRE DE KARITE 225GRS,000022697,1500.00,Mayana,9.00,THIAALA-000277,Hygiène & savons,Savons solides,,
MAYANA SERUM ANTITACHE 30ML,000023424,4000.00,Mayana,17.00,THIAALA-000278,Soins du visage,Sérums,,
MAYANA EAU MICELLAIRE,000023425,4000.00,Mayana,4.00,THIAALA-000279,Soins du visage,Nettoyants visage,,
MAYANA LAIT RADIANCE FL/500ML,000032258,5000.00,Mayana,10.00,THIAALA-000280,Soins du corps,Laits & crèmes corps,,
MAYANA LAIT CLARIFIANT FL/500ML,000032259,6500.00,Mayana,10.00,THIAALA-000281,Soins du corps,Soins éclaircissants / anti-taches,,
MAYANA GEL GOMMANT EXFOLIANT FL/500ML,000032260,4000.00,Mayana,6.00,THIAALA-000282,Soins du corps,Gommages & exfoliants,,
MAYANA 100 J'ADORE FL/50ML,000032264,4500.00,Mayana,2.00,THIAALA-000283,Parfumerie,Eaux de parfum / toilette,,
MAYANA 200 BLEU CH FL/50ML,000032266,4500.00,Mayana,5.00,THIAALA-000284,Parfumerie,Eaux de parfum / toilette,,
MAYANA CREME VISAGE JOUR ET NUIT,000022700,5200.00,Mayana,18.00,THIAALA-000285,Soins du visage,Crèmes visage,,
MAYANA HUILE NOURRISSANTE 125ML,000022699,3200.00,Mayana,2.00,THIAALA-000286,Soins du corps,Huiles corps,,
MIXA HUILE ANTI VERGETURES 100ML,000033095,10900.00,Mixa,4.00,THIAALA-000287,Soins du corps,Anti-vergetures,,
MIXA SERUM CONCENTRE ANTI-TACHES 30ML,000033215,10000.00,Mixa,2.00,THIAALA-000288,Soins du visage,Sérums,,
MIXA SERUM CONCENTRE ANT-IMPERFECTIONS 30ML,000033216,10000.00,Mixa,3.00,THIAALA-000289,Soins du visage,Sérums,,
MIXA 10 EN 1 CICA REPAIR + 150ML,000033217,10100.00,Mixa,3.00,THIAALA-000290,Soins du corps,Laits & crèmes corps,,
MIXA CREME CICA REPAIR POT 400ML,000032868,10900.00,Mixa,4.00,THIAALA-000291,Soins du corps,Laits & crèmes corps,,
MIXA CREME NIACINAMIDE POT 400ML,000032869,11500.00,Mixa,13.00,THIAALA-000292,Soins du corps,Laits & crèmes corps,,
MIXA LAIT CICA REPAIR 250ML,000032870,5500.00,Mixa,4.00,THIAALA-000293,Soins du corps,Laits & crèmes corps,,
MIXA LAIT NIACINAMIDE 250ML,000032871,5500.00,Mixa,12.00,THIAALA-000294,Soins du corps,Laits & crèmes corps,,
MIXA NETTOYANT CONFORT ANTI-TERNE 150ML,000032976,8000.00,Mixa,2.00,THIAALA-000295,Soins du visage,Nettoyants visage,,
MIXA NETTOYANT CONFORT ANTI-SECHERESSE 150ML,000032978,8000.00,Mixa,3.00,THIAALA-000296,Soins du visage,Nettoyants visage,,
MKL GEL DOUCH LAIT D'ANNESS GERS,000023723,5949.00,MKL,1.00,THIAALA-000297,Hygiène & savons,Gels & huiles de douche,,
MKL GEL DOUCH MONOI TAHITI,000023724,5949.00,MKL,1.00,THIAALA-000298,Hygiène & savons,Gels & huiles de douche,,
MKL GEL DOUCH BIO ARGAN 1L,000023721,8324.00,MKL,1.00,THIAALA-000299,Hygiène & savons,Gels & huiles de douche,,
MKL HUIL CORPS ALOE VERA BIO 200ML,000023726,9250.00,MKL,1.00,THIAALA-000300,Soins du corps,Huiles corps,,
MKL GEL DOUCH NOIX COCO SS SAV,000023725,5949.00,MKL,1.00,THIAALA-000301,Hygiène & savons,Gels & huiles de douche,,
MKL CREM MAIN BIO COCO 50ML,000023715,2375.00,MKL,1.00,THIAALA-000302,Soins du corps,Laits & crèmes corps,,
MKL BAUM LEVRE BIO CITRON 4G,000032895,2000.00,MKL,1.00,THIAALA-000303,Soins du visage,Baumes à lèvres,,
MKL BAUM LEVRE BIO COCO 4G,000032896,2000.00,MKL,1.00,THIAALA-000304,Soins du visage,Baumes à lèvres,,
MKL BAUM LRVRE BIO KARITE 4G,000032898,2000.00,MKL,1.00,THIAALA-000305,Soins du visage,Baumes à lèvres,,
MKL BAUM LEVRE BIO NEUTRE 4G,000032897,2000.00,MKL,1.00,THIAALA-000306,Soins du visage,Baumes à lèvres,,
MKL CREM MAIN BIO ABRICOT 50ML,000032899,2375.00,MKL,1.00,THIAALA-000307,Soins du corps,Laits & crèmes corps,,
MKL CREM VISAGE ANTI RIDES LAIT D.ANNES BIOO,000023716,6638.00,MKL,2.00,THIAALA-000308,Soins du visage,Crèmes visage,,
MARIE ROSE SHAMP ANTI PPOUX&LENTE 125ML,000022856,3950.00,Marie Rose,1.00,THIAALA-000309,Soins capillaires,Anti-poux,,
NEUTRAD (S-D) SAVON SURGRAS 200G LOT/3 CH,000032686,3400.00,Neutrad,21.00,THIAALA-000310,Hygiène & savons,Savons solides,,
MALIBU LOTION LAIT SOLAIRE SPF 20 FL/200ML,000031907,8153.00,Malibu,2.00,THIAALA-000311,Solaires,,,
MALIBU LOTION SOLAIRE SPF 30 FL/200ML,000031906,9843.00,Malibu,1.00,THIAALA-000312,Solaires,,,
MALIBU LOTION LAIT SPF 30 SPRAY FL/200ML,000031908,9843.00,Malibu,2.00,THIAALA-000313,Solaires,,,
MDL SAVON VEGETAL ANTI ACNE 150G,000022744,4050.00,MDL,2.00,THIAALA-000314,Hygiène & savons,Savons solides,,
MDL SAVON VEGETAL ANTISEPTIQUE 150G,000021502,4117.00,MDL,2.00,THIAALA-000315,Hygiène & savons,Savons solides,,
NEUTROGENA CALME CURCUMA BRUME 1APAIS SPRAY 125ML,000032299,8786.00,Neutrogena,1.00,THIAALA-000316,Parfumerie,,,
NEUTROGENA DEEP CLEAN GEL EXFOLIANT 150ML,000032301,8865.00,Neutrogena,1.00,THIAALA-000317,Soins du visage,Nettoyants visage,,
MALIBU LAIT APRES SOLEIL SPRAY FL/200ML,000031909,5152.00,Malibu,2.00,THIAALA-000318,Solaires,,,
NEUTROGENA GEL EXFOLIANT ANTIBRIL CIT VERT 150ML,000032305,8555.00,Neutrogena,1.00,THIAALA-000319,Soins du corps,Gommages & exfoliants,,
OXYPROLANE LAIT DE CORPS 500ML,000032979,26500.00,Oxyprolane,2.00,THIAALA-000320,Soins du corps,Laits & crèmes corps,,
OXYPROLANE SAVON ECLAT DU TEINT 220G,000032980,9500.00,Oxyprolane,2.00,THIAALA-000321,Hygiène & savons,Savons solides,,
NIVEA LAIT PERFECT ET RADIANT FL/400ML,000031883,3845.00,Nivea,1.00,THIAALA-000322,Soins du corps,Laits & crèmes corps,,
NIVEA LABELLO FRAISE STICK 4.8G,000032774,2214.00,Nivea,2.00,THIAALA-000323,Soins du visage,Baumes à lèvres,,
NIVEA LAIT NATURAL GLOW FL/250ML,000031886,2845.00,Nivea,1.00,THIAALA-000324,Soins du corps,Laits & crèmes corps,,
NIVEA GEL ANTI BLEMISH,000031476,4600.00,Nivea,1.00,THIAALA-000325,Soins du visage,Soins ciblés (imperfections/acné),,
NIVEA DEMAQILLANT DOUX 125ML,000031315,3800.00,Nivea,1.00,THIAALA-000326,Soins du visage,Nettoyants visage,,
NIVEA DEMAQILLANT YEUX 125ML,000031316,3800.00,Nivea,2.00,THIAALA-000327,Soins du visage,Nettoyants visage,,
NIVEA GEL NET FRAICHEUR PM,000031322,4600.00,Nivea,3.00,THIAALA-000328,Soins du visage,Nettoyants visage,,
NIVEA LAIT DEMAQ VISAGE ET YEUX200ML,000031326,3900.00,Nivea,1.00,THIAALA-000329,Soins du visage,Nettoyants visage,,
POUXIT (S) XF LOT POUX&LENTES/100ML,000022732,10455.00,Pouxit,1.00,THIAALA-000330,Soins capillaires,Anti-poux,,
PARASIDOSE SOIN TRAITANT F/100ML,000029428,7825.00,Parasidose,1.00,THIAALA-000331,Soins capillaires,Anti-poux,,
PETIT OL CHVX SECS OLIV/KAR/ARG SH250ML,000032775,4800.00,Autre,1.00,THIAALA-000332,Soins capillaires,Huiles & soins cheveux,NON,
SHIELD POUDRE 200G,000032843,3639.00,Shield,1.00,THIAALA-000333,Hygiène & savons,Poudres & talcs,,
PARA SPRAY ENVIRONN POUX 250ML,000031773,8932.00,Autre,1.00,THIAALA-000334,Soins capillaires,Anti-poux,NON,
SIVODERM LOTION ANTI ACNE,000031520,1350.00,Sivoderm,3.00,THIAALA-000336,Soins du visage,Soins ciblés (imperfections/acné),,
SAVON DE MARSEILLE AMANDE DOUCE 4 X 200GRS,000031357,2950.00,Autre,2.00,THIAALA-000337,Hygiène & savons,Savons solides,NON,
SAVON DE MARSEILLE GLYCERINE 4 X 200 GRS,000031358,2950.00,Autre,2.00,THIAALA-000338,Hygiène & savons,Savons solides,NON,
SVR SEBIACLEA CRM SPF50/40ML,000023742,11115.00,SVR,1.00,THIAALA-000339,Solaires,,,
SAVON PETIT MARSEILLE OLIVE 4X100G,000031360,2950.00,Autre,3.00,THIAALA-000340,Hygiène & savons,Savons solides,NON,
SEBIONEX GEL MOUS PURIF 200ML,000029980,11650.00,Sebionex,2.00,THIAALA-000341,Soins du visage,Soins ciblés (imperfections/acné),,
SEBIONEX HYDRA CRM/40ML,000021562,13400.00,Sebionex,1.00,THIAALA-000342,Soins du visage,Soins ciblés (imperfections/acné),,
SIVODERM GEL LAVANT EXPERT,000031573,1500.00,Sivoderm,3.00,THIAALA-000343,Soins du visage,Nettoyants visage,,
SIVODERM SAVON EXPERT,000031575,1100.00,Sivoderm,9.00,THIAALA-000344,Hygiène & savons,Savons solides,,
SVR DENTISIUM CR RICHE 50ML,000023740,21965.00,SVR,1.00,THIAALA-000345,Soins du visage,Crèmes visage,,
SVR DENTISIUM CONTOUR YEUX 15ML,000023739,26240.00,SVR,1.00,THIAALA-000346,Soins du visage,Contour des yeux,,
SENSITELIAL (S) SOIN EMOL/500ML,000030024,14369.00,Sensitelial,2.00,THIAALA-000347,Soins du corps,Laits & crèmes corps,,
SHIELD HUILE 200ML,000032840,3550.00,Shield,2.00,THIAALA-000348,Soins du corps,Huiles corps,,
SHIELD SHAMPOING 200ML,000032844,2130.00,Shield,1.00,THIAALA-000349,Soins capillaires,Shampoings & après-shampoings,,
SEBIONEX TRIO ANTI IMP CR T/40ML,000022049,12536.00,Sebionex,2.00,THIAALA-000350,Soins du visage,Soins ciblés (imperfections/acné),,
TOPICREM MELA LAIT UNIF 200ML,000032550,19703.00,Topicrem,1.00,THIAALA-000351,Soins du corps,Soins éclaircissants / anti-taches,,
TOPICREM ULTRA HYDR HUILE DOUCE F/1L,000032046,16044.00,Topicrem,1.00,THIAALA-000352,Soins du corps,Huiles corps,,
TOPICREM MELA SERUM INT ANTITACCHE ECLAT 30ML,000025527,20507.00,Topicrem,1.00,THIAALA-000353,Soins du visage,Sérums,,
TOPICREM PACK MELA ROUTINE VISAGE 3PCS,000032820,45152.00,Topicrem,1.00,THIAALA-000354,Soins du visage,Crèmes visage,,
TOPICREM (S) CICA CRM REPAR 40ML,000030530,6200.00,Topicrem,1.00,THIAALA-000355,Soins du corps,Laits & crèmes corps,,
TOPICREM (S) EMULS CORPS ULT HYD 500ML,000030531,14175.00,Topicrem,1.00,THIAALA-000356,Soins du corps,Laits & crèmes corps,,
TOPICREM (S) MELA PAIN EXF. 150G,000023037,6511.00,Topicrem,1.00,THIAALA-000357,Soins du corps,Gommages & exfoliants,,
TOPICREM (S) DA BAUME EMOL VIS&CORP 500ML,000030533,16178.00,Topicrem,1.00,THIAALA-000358,Soins du corps,Baumes corps,,
TOPICREM AC CRM COMP. 40ML,000024157,10200.00,Topicrem,1.00,THIAALA-000359,Soins du corps,Laits & crèmes corps,,
TOPICREM AC GEL NET PURIF 200ML,000030534,7471.00,Topicrem,1.00,THIAALA-000360,Soins du visage,Nettoyants visage,,
TOPICREM AC GEL NET PURIF 400ML,000022489,9611.00,Topicrem,1.00,THIAALA-000361,Soins du visage,Nettoyants visage,,
TOPICREM BB LAIT HYDRAT 500ML,000030539,14335.00,Topicrem,1.00,THIAALA-000362,Bébé & maternité,,,
TOPICREM GEL NETT DOUCH F/500ML,000024017,9491.00,Topicrem,1.00,THIAALA-000363,Soins du visage,Nettoyants visage,,
TOPICREM LAIT ULT HYD DUO 2X500ML (D),000021582,22700.00,Topicrem,1.00,THIAALA-000364,Soins du corps,Laits & crèmes corps,,
TOPICREM MELA CRM NUIT 40ML,000030555,19152.00,Topicrem,1.00,THIAALA-000365,Soins du corps,Laits & crèmes corps,,
TOPICREM STICK LEVRE ULT HYD 4G,000022805,3450.00,Topicrem,1.00,THIAALA-000366,Soins du visage,Baumes à lèvres,,
URIAGE CRM MAIN T/50ML,000030706,5203.00,Uriage,1.00,THIAALA-000367,Soins du corps,Laits & crèmes corps,,
URIAGE GEL SURGRAS DERMATO 500ML (S),000030709,12181.00,Uriage,1.00,THIAALA-000368,Hygiène & savons,Gels & huiles de douche,,
URIAGE GYN-PHY GEL INT./200ML,000030710,6845.00,Uriage,1.00,THIAALA-000369,Hygiène & savons,Hygiène intime,,
URIAGE HYSEAC 3-REGUL CRM/40ML (S),000030711,14400.00,Uriage,1.00,THIAALA-000370,Soins du corps,Laits & crèmes corps,,
URIAGE LAIT VELOUTE CORPS 500ML (S),000030717,14892.00,Uriage,1.00,THIAALA-000371,Soins du corps,Laits & crèmes corps,,
URIAGE STICK LEVRES TB 4G,000030718,5075.00,Uriage,1.00,THIAALA-000372,Soins du visage,Baumes à lèvres,,
URIAGE DEO PUIS 3ROLL ON 50ML,000032242,9072.00,Uriage,1.00,THIAALA-000373,Déodorants,,,
URIAGE XEMOSE BAUE OLEO EX LAIT 500ML,000032246,21754.00,Uriage,1.00,THIAALA-000374,Soins du corps,Laits & crèmes corps,,
URIAGE 1ER LAIT HYDR VIS/ CORP FL500ML,000032250,14903.00,Uriage,1.00,THIAALA-000375,Soins du corps,Laits & crèmes corps,,
URIAGE HYSEAC FLUIDE SPF50+ 50ML,000031167,11257.00,Uriage,1.00,THIAALA-000376,Solaires,,,
VIDOXA LAIT HYDRATANT UNIFIANT - 400ML,000032561,16500.00,Vidoxa,7.00,THIAALA-000377,Soins du corps,Soins éclaircissants / anti-taches,,
VIDOXA SERUM ANTI TACHES - 30ML,000032562,13500.00,Vidoxa,10.00,THIAALA-000378,Soins du visage,Sérums,,
VIDOXA CREME NUIT REGENERANT UNIFIANT - 30ML,000032565,10500.00,Vidoxa,10.00,THIAALA-000379,Soins du visage,Crèmes visage,,
VIDOXA ANTI IMPERFECTIONS - 30ML,000032566,12000.00,Vidoxa,11.00,THIAALA-000380,Soins du visage,Soins ciblés (imperfections/acné),,
VIDOXA SAVON EXFOLIANT - 200G,000032567,6000.00,Vidoxa,9.00,THIAALA-000381,Hygiène & savons,Savons solides,,
VIDOXA FLUIDE JOUR/30ML,000030857,10500.00,Vidoxa,10.00,THIAALA-000382,Soins du corps,Laits & crèmes corps,,
VEGEBOM (S-D) SAV PURIF PAIN 100G,000030795,3007.00,Vegebom,1.00,THIAALA-000383,Hygiène & savons,Savons solides,,
VEGEBOM SAV SURGRAS 100G,000030803,3450.00,Vegebom,1.00,THIAALA-000384,Hygiène & savons,Savons solides,,
VASELINE LAIT COCOA GLOW FL/400ML,000031891,3500.00,Vaseline,1.00,THIAALA-000385,Soins du corps,Laits & crèmes corps,,
VERGETEX CR ANTI VERGETURE T/100G,000032409,5400.00,Vergetex,1.00,THIAALA-000386,Soins du corps,Anti-vergetures,,
SHIELD VASELINE 100ML,000032848,2130.00,Shield,2.00,THIAALA-000387,Soins du corps,Baumes corps,,
WILLIAMS GEL A RASER 3JOURS 200ML,000030941,6200.00,Williams,3.00,THIAALA-000388,Rasage & dépilation,,,
VALDA LAIT ADOUC BEURRE DE KARITE 250ML,000021623,1650.00,Valda,1.00,THIAALA-000389,Soins du corps,Laits & crèmes corps,,
IAP EDP NX23 FL/150ML BURBERRY PARFUM,000031517,13000.00,IAP (parfums génériques),3.00,THIAALA-000390,Parfumerie,,,
IAP EDP N°52 FL30ML FRASCO,000033019,4000.00,IAP (parfums génériques),4.00,THIAALA-000391,Parfumerie,,,
PARIS CHIC EDP 100ML,000031348,7259.00,(générique parfum),1.00,THIAALA-000392,Parfumerie,,,
IAP EDP N° 57 FL30ML FRASCO,000033018,4000.00,IAP (parfums génériques),4.00,THIAALA-000393,Parfumerie,,,
IAP EDP N°75 FL30ML FRASCO,000033020,4000.00,IAP (parfums génériques),3.00,THIAALA-000394,Parfumerie,,,
IAP EDP N)76 FL30ML FRASCO,000033017,4000.00,IAP (parfums génériques),3.00,THIAALA-000395,Parfumerie,,,
IAP EDP N°32 + FL30ML FRASCO,000033026,4000.00,IAP (parfums génériques),5.00,THIAALA-000396,Parfumerie,,,
IAP EDP MINI N°40 BLACK OPIUM 50ML,000033028,6400.00,IAP (parfums génériques),3.00,THIAALA-000397,Parfumerie,,,
SAPHIR DORIENT EDP 50ML,000031355,8500.00,Saphir d'Orient,1.00,THIAALA-000398,Parfumerie,,,
UDV EAU DE PARFUM VARENSIA WHITE 50ML,000031369,8167.00,UDV,1.00,THIAALA-000399,Parfumerie,,,
BRUMES EXOTIQUES ORIENT - 250ML,000032568,7500.00,Brumes Exotiques,5.00,THIAALA-000400,Parfumerie,,,
BRUMES EXOTIQUES TAHITI,000032569,7500.00,Brumes Exotiques,3.00,THIAALA-000401,Parfumerie,,,
BRUMES EXOTIQUES PROVENCE,000032570,7500.00,Brumes Exotiques,9.00,THIAALA-000402,Parfumerie,,,
UDV EAU DE TOILETTE ORIENT ELIXIR 60ML,000031381,6500.00,UDV,1.00,THIAALA-000403,Parfumerie,,,
DOVE DEO GO FRESH CONCOMBRE/250ML,000026944,2300.00,Dove,4.00,THIAALA-000404,Déodorants,,,
DOVE DEO ROLL ON ORIGINAL/50ML,000026952,1670.00,Dove,10.00,THIAALA-000405,Déodorants,,,
DOVE DEO ORIGINAL/250ML,000026955,2729.00,Dove,6.00,THIAALA-000406,Déodorants,,,
BIEN ETRE LAVANDE FL/250ML,000033135,8950.00,Bien Etre,1.00,THIAALA-000407,Parfumerie,Eaux de parfum / toilette,,
ETIAXIL DETRANSPIRANT PEAUX SENS 15ML,000027157,11818.00,Etiaxil,1.00,THIAALA-000408,Parfumerie,Eaux de parfum / toilette,,
202 TERRE D'HERMES 50ML,000032787,4500.00,(générique parfum),4.00,THIAALA-000409,Parfumerie,Eaux de parfum / toilette,,
101 COCO MADAME 50ML,000032784,4500.00,(générique parfum),1.00,THIAALA-000410,Parfumerie,Eaux de parfum / toilette,,
102 LA VIE EST BELLE MAYANA 50ML,000032785,4500.00,Mayana,3.00,THIAALA-000411,Parfumerie,Eaux de parfum / toilette,,
103 BLACK OPIUM MAYANA 50ML,000032786,4500.00,Mayana,1.00,THIAALA-000412,Parfumerie,Eaux de parfum / toilette,,
OUD ISPAHAN MAYANA 50ML,000032794,4500.00,Mayana,3.00,THIAALA-000413,Parfumerie,Eaux de parfum / toilette,,
BRUME DAKAR MAYANA 150ML,000032789,1700.00,Mayana,5.00,THIAALA-000414,Parfumerie,,,
BRUME KAOLACK MAYANA 150ML,000032790,1700.00,Mayana,5.00,THIAALA-000415,Parfumerie,,,
BRUME THIES MAYANA 150ML,000032792,1700.00,Mayana,5.00,THIAALA-000416,Parfumerie,,,
BRUME SAINT LOUIS MAYANA 150ML,000032791,1700.00,Mayana,5.00,THIAALA-000417,Parfumerie,,,
BRUME ZIGUINCHOR MAYANA 150ML,000032793,1700.00,Mayana,5.00,THIAALA-000418,Parfumerie,,,
COTTON MUSK ORI EDP 100ML,000031263,10800.00,(générique parfum),2.00,THIAALA-000419,Parfumerie,,,
IAP EDP (D) Nø11 BE DELICIOUS 150ML,000027891,13772.00,IAP (parfums génériques),1.00,THIAALA-000420,Parfumerie,,,
MAYANA 204 ONE M PR 50ML,000031440,4500.00,Mayana,6.00,THIAALA-000421,Parfumerie,Eaux de parfum / toilette,,
IAP EDP (D) Nø15 NARCIS R. (MINI) 50ML,000027892,6400.00,IAP (parfums génériques),3.00,THIAALA-000422,Parfumerie,,,
IAP EDP (D) Nø16 COCO CHANNEL (MINI) 50ML,000027893,6400.00,IAP (parfums génériques),3.00,THIAALA-000423,Parfumerie,,,
NIVEA DEO ROLL DRY IMPACT 50ML,000028969,2300.00,Nivea,6.00,THIAALA-000424,Déodorants,,,
NIVEA DEO ROLL DEEP DARKWOOD 72H 50ML,000028971,2300.00,Nivea,6.00,THIAALA-000425,Déodorants,,,
NIVEA DEO ROLL FRESH NATUREL 48H 50ML,000028972,2300.00,Nivea,6.00,THIAALA-000426,Déodorants,,,
IAP EDP (D) Nø30 LA VIE EST BELLE (MINI) 50ML,000021128,6400.00,IAP (parfums génériques),3.00,THIAALA-000427,Parfumerie,,,
IAP EDP (D) NØ30 LA VIE EST BELLE 150ML,000027902,13771.00,IAP (parfums génériques),1.00,THIAALA-000428,Parfumerie,,,
NIVEA DEO BILLE BLACK/WHITE 50ML,000028975,2300.00,Nivea,6.00,THIAALA-000429,Déodorants,,,
IAP EDP (D) Nø32 OLYMPEA (MINI) 50ML,000024120,6400.00,IAP (parfums génériques),5.00,THIAALA-000430,Parfumerie,,,
MKL DEO BIO ALOE VERA 50ML,000023718,4571.00,MKL,1.00,THIAALA-000431,Déodorants,,,
IAP COFFRET PURE FLEUR,000020530,15500.00,IAP (parfums génériques),1.00,THIAALA-000432,Parfumerie,,,
IAP EDP (D) NØ51 HUGO BOSS 150ML,000027912,13450.00,IAP (parfums génériques),1.00,THIAALA-000433,Parfumerie,,,
IAP EDP (D) NØ55 AQUA DI GIO (MINI)50ML,000027915,6400.00,IAP (parfums génériques),1.00,THIAALA-000434,Parfumerie,,,
NIVEA DEO ROLL WOM FRESH ENERGY/50ML,000028989,2300.00,Nivea,6.00,THIAALA-000435,Déodorants,,,
IAP EDP N 19FL 150ML CHLOE,000031296,13771.00,IAP (parfums génériques),1.00,THIAALA-000436,Parfumerie,,,
NIVEA DEO ROLL WOM PEARL & BEAUTY 50ML,000028993,2300.00,Nivea,6.00,THIAALA-000437,Déodorants,,,
IAP EDP N°22 FL150MLFLOWER BY KENZO,000031298,12597.00,IAP (parfums génériques),1.00,THIAALA-000438,Parfumerie,,,
IAP KIDS PARF ENF MIXTE FL/100ML,000031300,7100.00,IAP (parfums génériques),6.00,THIAALA-000439,Parfumerie,Eaux de parfum / toilette,,
IAP EDP (D) Nø69 ONE MILION (MINI) 50ML,000024204,6400.00,IAP (parfums génériques),1.00,THIAALA-000440,Parfumerie,,,
IAP EDP N°15 FL30ML FRASCO,000032931,4000.00,IAP (parfums génériques),2.00,THIAALA-000441,Parfumerie,,,
IAP EDP N°16 FL30L FRASCO,000032932,4000.00,IAP (parfums génériques),5.00,THIAALA-000442,Parfumerie,,,
IAP EDP N°30 FL30ML FRASCO,000032933,4000.00,IAP (parfums génériques),7.00,THIAALA-000443,Parfumerie,,,
IAP EDP N°40 FL30ML FRASCO,000032934,4000.00,IAP (parfums génériques),4.00,THIAALA-000444,Parfumerie,,,
IAP EDP N° 48 FL30ML FRASCO,000032935,4000.00,IAP (parfums génériques),6.00,THIAALA-000445,Parfumerie,,,
IAP EDP N°51 FL30ML FRASCO,000032936,4000.00,IAP (parfums génériques),8.00,THIAALA-000446,Parfumerie,,,
IAP EDP N°55 FL30ML FRASCO,000032937,4000.00,IAP (parfums génériques),3.00,THIAALA-000447,Parfumerie,,,
IAP EDP N°66 FL30ML FRASCO,000032938,4000.00,IAP (parfums génériques),4.00,THIAALA-000448,Parfumerie,,,
IAP EDP N°69 FL30ML FRASCO,000032939,4000.00,IAP (parfums génériques),3.00,THIAALA-000449,Parfumerie,,,
IAP EDP N°71 FL30ML FRASCO,000032940,4000.00,IAP (parfums génériques),1.00,THIAALA-000450,Parfumerie,,,
DEODORANT BALEA VRAC 200ML,000025909,2000.00,Balea,7.00,THIAALA-000451,Déodorants,,,
BIEN ETRE ESSENCE FRAICH/250ML,000033134,8950.00,Bien Etre,1.00,THIAALA-000452,Parfumerie,Eaux de parfum / toilette,,
PARFUM BABY COLOGNE,000031162,1650.00,Autre,1.00,THIAALA-000453,Bébé & maternité,,NON,
